from,to,condition,sheet
普通数码蛋,黑球兽,创始村数码蛋概率获得,幼年期I进化路线
黑球兽,滚球兽,等级≥ 2,幼年期I进化路线
普通数码蛋,雪球兽,创始村数码蛋概率获得,幼年期I进化路线
雪球兽,喵喵兽,等级≥ 2,幼年期I进化路线
普通数码蛋,普尼兽,创始村数码蛋概率获得,幼年期I进化路线
普尼兽,犄角兽,等级≥ 2,幼年期I进化路线
普通数码蛋,小龙兽,创始村数码蛋概率获得,幼年期I进化路线
小龙兽,幼龙兽,等级≥ 2,幼年期I进化路线
普通数码蛋,芝高兽,创始村数码蛋概率获得,幼年期I进化路线
芝高兽,豆丁兽,等级≥ 2,幼年期I进化路线
普通数码蛋,绿叶兽,创始村数码蛋概率获得,幼年期I进化路线
绿叶兽,蓑虫兽,等级≥ 2,幼年期I进化路线
普通数码蛋,普路路兽,创始村数码蛋概率获得,幼年期I进化路线
普路路兽,珀罗兽,等级≥ 2,幼年期I进化路线
普通数码蛋,粒粒兽,创始村数码蛋概率获得,幼年期I进化路线
粒粒兽,乌帕兽,等级≥ 2,幼年期I进化路线
普通数码蛋,泡泡兽,创始村数码蛋概率获得,幼年期I进化路线
泡泡兽,年糕兽,等级≥ 2,幼年期I进化路线
普通数码蛋,漂游兽,创始村数码蛋概率获得,幼年期I进化路线
漂游兽,布加兽,等级≥ 2,幼年期I进化路线
普通数码蛋,电鼠兽,创始村数码蛋概率获得,幼年期I进化路线
电鼠兽,卡普利兽,等级≥ 2,幼年期I进化路线
普通数码蛋,狡诈兽,创始村数码蛋概率获得,幼年期I进化路线
狡诈兽,帕古兽,等级≥ 2,幼年期I进化路线
普通数码蛋,水母兽,创始村数码蛋概率获得,幼年期I进化路线
水母兽,钩爪兽,等级≥ 2,幼年期I进化路线
嘿嘿兽数码蛋,嘿嘿兽,地下城孵化器概率获得,幼年期I进化路线
嘿嘿兽,也也兽,等级≥ 2,幼年期I进化路线
普通数码蛋,烟云兽,创始村数码蛋概率获得,幼年期I进化路线
烟云兽,小火焰兽,等级≥ 2,幼年期I进化路线
普通数码蛋,果冻兽,创始村数码蛋概率获得,幼年期I进化路线
果冻兽,软糖兽,等级≥ 2,幼年期I进化路线
普通数码蛋,可可兽,创始村数码蛋概率获得,幼年期I进化路线
可可兽,巧克力兽,等级≥ 2,幼年期I进化路线
普通数码蛋,多多兽,创始村数码蛋概率获得,幼年期I进化路线
多多兽,多利兽,等级≥ 2,幼年期I进化路线
普通数码蛋,沙砾兽,创始村数码蛋概率获得,幼年期I进化路线
沙砾兽,基基兽,等级≥ 2,幼年期I进化路线
普通数码蛋,狐狐兽,创始村数码蛋概率获得,幼年期I进化路线
狐狐兽,波可兽,等级≥ 2,幼年期I进化路线
普通数码蛋,纽奇兽,创始村数码蛋概率获得,幼年期I进化路线
纽奇兽,种子兽,等级≥ 2,幼年期I进化路线
普通数码蛋,比兹兽,创始村数码蛋概率获得,幼年期I进化路线
比兹兽,布加兽,等级≥ 2,幼年期I进化路线
普通数码蛋,普瓦兽,创始村数码蛋概率获得,幼年期I进化路线
普瓦兽,皮那兽,等级≥ 2,幼年期I进化路线
普通数码蛋,浮球兽,创始村数码蛋概率获得,幼年期I进化路线
浮球兽,种子兽,等级≥ 2,幼年期I进化路线
普通数码蛋,小天使兽,创始村数码蛋概率获得,幼年期I进化路线
小天使兽,丘比兽,等级≥ 2,幼年期I进化路线
小拨片兽数码蛋,小拨片兽,地下城孵化器概率获得,幼年期I进化路线
小拨片兽,拨片兽,等级≥ 2,幼年期I进化路线
溜溜兽数码蛋,溜溜兽,地下城孵化器概率获得,幼年期I进化路线
溜溜兽,墩墩兽,等级≥ 2,幼年期I进化路线
机械数码蛋,炸弹兽,创始村数码蛋概率获得,幼年期I进化路线
炸弹兽,导弹兽,等级≥ 2,幼年期I进化路线
普斯兽数码蛋,普斯兽,地下城孵化器概率获得,幼年期I进化路线
普斯兽,普斯利兽,等级≥ 2,幼年期I进化路线
强化巨龙数码蛋,滚球兽,地下城孵化器概率获得,幼年期II进化路线
滚球兽,亚古兽,等级≥ 4,幼年期II进化路线
强化野兽数码蛋,犄角兽,地下城孵化器概率获得,幼年期II进化路线
犄角兽,加布兽,等级≥ 4,幼年期II进化路线
强化神圣数码蛋,迪哥兽,地下城孵化器概率获得,幼年期II进化路线
迪哥兽,巴达兽,等级≥ 5,幼年期II进化路线
强化黑暗数码蛋,帕古兽,地下城孵化器概率获得,幼年期II进化路线
帕古兽,加支兽,等级≥ 4,幼年期II进化路线
强化野兽数码蛋,汪喵兽,地下城孵化器概率获得,幼年期II进化路线
汪喵兽,加奥兽,等级≥ 4,幼年期II进化路线
强化鸟类数码蛋,皮那兽,地下城孵化器概率获得,幼年期II进化路线
皮那兽,猎鹰兽,等级≥ 4,幼年期II进化路线
强化野兽数码蛋,喵喵兽,地下城孵化器概率获得,幼年期II进化路线
喵喵兽,小狗兽,等级≥ 5,幼年期II进化路线
强化海兽数码蛋,布加兽,地下城孵化器概率获得,幼年期II进化路线
布加兽,哥玛兽,等级≥ 4,幼年期II进化路线
强化机械数码蛋,小火焰兽,地下城孵化器概率获得,幼年期II进化路线
小火焰兽,蜡烛兽,等级≥ 4,幼年期II进化路线
强化巨龙数码蛋,幼龙兽,地下城孵化器概率获得,幼年期II进化路线
幼龙兽,龙仔兽,等级≥ 4,幼年期II进化路线
强化巨龙数码蛋,豆丁兽,地下城孵化器概率获得,幼年期II进化路线
豆丁兽,V仔兽,等级≥ 4,幼年期II进化路线
强化昆虫数码蛋,蓑虫兽,地下城孵化器概率获得,幼年期II进化路线
蓑虫兽,虫虫兽,等级≥ 4,幼年期II进化路线
强化鸟类数码蛋,珀罗兽,地下城孵化器概率获得,幼年期II进化路线
珀罗兽,麻鹰兽,等级≥ 4,幼年期II进化路线
强化海兽数码蛋,乌帕兽,地下城孵化器概率获得,幼年期II进化路线
乌帕兽,犰狳兽,等级≥ 4,幼年期II进化路线
强化昆虫数码蛋,年糕兽,地下城孵化器概率获得,幼年期II进化路线
年糕兽,甲虫兽,等级≥ 4,幼年期II进化路线
强化植物数码蛋,比高兽,地下城孵化器概率获得,幼年期II进化路线
比高兽,比丘兽,等级≥ 4,幼年期II进化路线
强化植物数码蛋,种子兽,地下城孵化器概率获得,幼年期II进化路线
种子兽,巴鲁兽,等级≥ 4,幼年期II进化路线
强化黑暗数码蛋,钩爪兽,地下城孵化器概率获得,幼年期II进化路线
钩爪兽,哈哈兽,等级≥ 6,幼年期II进化路线
也也兽,小妖兽,等级≥ 4,幼年期II进化路线
强化野兽数码蛋,软糖兽,地下城孵化器概率获得,幼年期II进化路线
软糖兽,大耳兽,等级≥ 4,幼年期II进化路线
巧克力兽,黑大耳兽,等级≥ 4,幼年期II进化路线
强化机械数码蛋,卡普利兽,地下城孵化器概率获得,幼年期II进化路线
卡普利兽,齿轮兽,等级≥ 4,幼年期II进化路线
强化野兽数码蛋,多利兽,地下城孵化器概率获得,幼年期II进化路线
多利兽,多路兽,等级≥ 4,幼年期II进化路线
强化巨龙数码蛋,基基兽,地下城孵化器概率获得,幼年期II进化路线
基基兽,基尔兽,等级≥ 4,幼年期II进化路线
强化野兽数码蛋,波可兽,地下城孵化器概率获得,幼年期II进化路线
波可兽,狐狸兽,等级≥ 4,幼年期II进化路线
丘比兽,巴达兽,等级≥ 4,幼年期II进化路线
寒冷兽,碧龙兽,等级≥ 4,幼年期II进化路线
拨片兽,明星兽（合体战争）,等级≥ 4 友情≥ 4♥,幼年期II进化路线
墩墩兽,伽马兽,等级≥ 4,幼年期II进化路线
叽叽兽数码蛋,叽叽兽,地下城孵化器概率获得,幼年期II进化路线
叽叽兽,雏鸡兽,等级≥ 4,幼年期II进化路线
导弹兽,突击龙兽,等级≥ 4,幼年期II进化路线
普斯利兽,刺猬兽,等级≥ 4,幼年期II进化路线
亚古兽,巨龙兽,等级≥ 16 友情≥ 3♥,成长期进化路线 
滚球兽,亚古兽（黑）,等级≥ 4 黑暗经验≥ 50,成长期进化路线 
亚古兽（黑）,角龙兽,等级≥ 16 友情≥ 2.5♥,成长期进化路线 
滚球兽,雪人亚古兽,等级≥ 5 水生经验≥ 125 近防训练≥ 30,成长期进化路线 
雪人亚古兽,雪人兽,等级≥ 16 友情≥ 3♥,成长期进化路线 
滚球兽,点阵亚古兽,等级≥ 20 完成挑战模式：点阵,成长期进化路线 
汪喵兽,加布兽,等级≥ 6 野兽经验≥ 110 水生经验≥ 20,成长期进化路线 
加布兽,加鲁鲁兽,等级≥ 15 友情≥ 4♥,成长期进化路线 
犄角兽,加布兽（黑）,等级≥ 4 黑暗经验≥ 50,成长期进化路线 
加布兽（黑）,加鲁鲁兽（黑）,等级≥ 15 友情≥ 4♥,成长期进化路线 
帕古兽,迷幻兽,等级≥ 7 野兽经验≥ 175 友情≥ 3.5♥,成长期进化路线 
迷幻兽,獠牙兽,等级≥ 15 黑暗经验≥ 650 友情≤ .5♥,成长期进化路线 
巴达兽,天使兽,等级≥ 18 友情≥ 4.5♥ 神圣经验≥ 1000,成长期进化路线 
帕古兽,使魔兽,等级≥ 5 黑暗经验≥ 200 黑暗经验＞ 神圣经验,成长期进化路线 
使魔兽,恶魔兽,等级≥ 15 友情≤ 2.5♥ 黑暗经验≥ 666,成长期进化路线 
汪喵兽,小狗兽,等级≥ 7 神圣经验≥ 210 野兽经验≥ 50,成长期进化路线 
小狗兽,迪路兽,等级≥ 15 神圣经验≥ 350,成长期进化路线 
珀罗兽,迪路兽（成长期）,等级≥ 4 野兽经验≥ 50 神圣经验≥ 40 拥有过迪路兽,成长期进化路线 
迪路兽（成长期）,迪路兽,等级≥ 15 神圣经验≥ 350,成长期进化路线 
迪哥兽,大耳兽,等级≥ 8 野兽经验≥ 50,成长期进化路线 
大耳兽,加鲁哥兽,等级≥ 17 野兽经验≥ 520,成长期进化路线 
帕古兽,黑大耳兽,等级≥ 10 野兽经验≥ 365 友情≥ 4♥,成长期进化路线 
黑大耳兽,兔儿爷兽,等级≥ 16 友情≥ 4♥,成长期进化路线 
迪哥兽,光明兽,等级≥ 18 神圣经验≥ 350 友情≥ 2.5♥ 胜率≥ 50%,成长期进化路线 
光明兽,光明兽：堕落形态,等级≥ 70 黑暗经验≥ 60606 友情≥ 2♥ & 友情≤ 4♥ 5个进化器,成长期进化路线 
加支兽,加鲁鲁兽（黑）,等级≥ 16 野兽经验≥ 710,成长期进化路线 
加奥兽,加奥加兽,等级≥ 16 友情≥ 3♥,成长期进化路线 
帕古兽,小恶魔兽,等级≥ 4 友情≤ 1.5♥,成长期进化路线 
小恶魔兽,恶魔兽,等级≥ 15 友情≤ 2.5♥ 黑暗经验≥ 666,成长期进化路线 
滚球兽,龙仔兽,等级≥ 6 巨龙经验≥ 150,成长期进化路线 
龙仔兽,飞龙兽,等级≥ 16 神圣经验≥ 1200,成长期进化路线 
滚球兽,积木亚古兽,等级≥ 5 机械经验≥ 100 友情≥ 2.5♥,成长期进化路线 
积木亚古兽,明星兽,等级≥ 16,成长期进化路线 
布加兽,透明玩具亚古兽,等级≥ 10 拥有玩具亚古兽 机械经验≥ 200,成长期进化路线 
透明玩具亚古兽,守卫机器人兽（金）,等级≥ 15 机械经验≥ 500 防御训练值≥ 280,成长期进化路线 
钩爪兽,玩具亚古兽（黑）,等级≥ 6 机械经验≥ 160 黑暗经验≥ 50,成长期进化路线 
玩具亚古兽（黑）,甲板龙兽,等级≥ 15 巨龙经验≥ 700 机械经验≥ 1000,成长期进化路线 
帕古兽,哥布林兽,等级≥ 6 野兽经验≥ 130 黑暗经验≥ 50,成长期进化路线 
哥布林兽,奥加兽,等级≥ 17 黑暗经验≥ 495,成长期进化路线 
巧克力兽,萨满兽,等级≥ 6 野兽经验≥ 160 黑暗经验≥ 80,成长期进化路线 
萨满兽,风灾兽,等级≥ 15 黑暗经验≥ 500,成长期进化路线 
汪喵兽,雪哥布林兽,等级≥ 6 水生经验≥ 160 野兽经验≥ 80,成长期进化路线 
雪哥布林兽,冰河兽,等级≥ 15 水生经验≥ 750,成长期进化路线 
帕古兽,小妖兽,等级≥ 4 黑暗经验≥ 350 友情≥ 2♥ 胜率≥ 60%,成长期进化路线 
小妖兽,巫师兽,等级≥ 15 友情≥ 2.5♥ 黑暗经验≥ 220,成长期进化路线 
汪喵兽,多路兽,等级≥ 10 野兽经验≥ 200 黑暗经验≥ 10 胜率≥ 50%,成长期进化路线 
多路兽,多路加兽,等级≥ 16 友情≥ 3♥,成长期进化路线 
汪喵兽,龙蛇兽,等级≥ 15 野兽经验≥ 320 巨龙经验≥ 650,成长期进化路线 
龙蛇兽,银龙兽,等级≥ 15 巨龙经验≥ 550 近防训练≥ 80,成长期进化路线 
汪喵兽,管狐兽（黄）,等级≥ 5 神圣经验≥ 210 黑暗经验≤ 65,成长期进化路线 
管狐兽（黄）,裂破兽,等级≥ 18 友情≥ 2.5♥ 神圣经验≥ 500,成长期进化路线 
乌帕兽,管狐兽,等级≥ 6 神圣经验≥ 90 野兽经验≥ 35,成长期进化路线 
管狐兽,飞龙兽,等级≥ 15 巨龙经验≥ 150 神圣经验≥ 200,成长期进化路线 
小火焰兽,野火兽,等级≥ 12 野兽经验≥ 320 胜率≥ 65%,成长期进化路线 
野火兽,阿耆尼兽,等级≥ 30 完成挑战模式：第一边疆 巨龙经验≥ 2600,成长期进化路线 
汪喵兽,流光兽,等级≥ 12 野兽经验≥ 320 胜率≥ 65%,成长期进化路线 
流光兽,野狼兽,等级≥ 30 完成挑战模式：第一边疆 野兽经验≥ 2600,成长期进化路线 
猎鹰兽,啄木鸟兽,等级≥ 16 友情≥ 3♥,成长期进化路线 
叽叽兽,点阵猎鹰兽,等级≥ 20 完成挑战模式：点阵,成长期进化路线 
皮那兽,电力兽,等级≥ 7 野兽经验≥ 120,成长期进化路线 
电力兽,狮子兽,等级≥ 15 胜率≥ 50%,成长期进化路线 
皮那兽,比丘兽,等级≥ 4 鸟类经验≥ 45,成长期进化路线 
比丘兽,蛇鸡兽,等级≥ 16 友情≥ 3♥,成长期进化路线 
皮那兽,泳鱼兽,等级≥ 8 水生经验≥ 125 近攻训练≤ 15,成长期进化路线 
泳鱼兽,海龙兽,等级≥ 16 友情≥ 3♥,成长期进化路线 
皮那兽,顽石兽,等级≥ 7 机械经验≥ 135 近防训练≥ 30,成长期进化路线 
顽石兽,冰石兽,等级≥ 16 友情≥ 3♥,成长期进化路线 
犄角兽,单角龙兽,等级≥ 10 巨龙经验≥ 180 胜率≥ 65%,成长期进化路线 
单角龙兽,强袭龙兽,等级≥ 15 巨龙经验≥ 210,成长期进化路线 
犄角兽,企鹅兽,等级≥ 10 鸟类经验≥ 50 水生经验≥ 30,成长期进化路线 
企鹅兽,雪人兽,等级≥ 15 友情≥ 3♥,成长期进化路线 
比高兽,五彩兽,等级≥ 4 鸟类经验≥ 10 水生经验≥ 5,成长期进化路线 
五彩兽,冠恐鸟兽,等级≥ 15 鸟类经验≥ 525 近攻训练≥ 60,成长期进化路线 
喵喵兽,狐狸兽,等级≥ 8 野兽经验≥ 55,成长期进化路线 
狐狸兽,九尾兽,等级≥ 15 胜率≥ 65%,成长期进化路线 
滚球兽,V仔兽,等级≥ 10 巨龙经验≥ 200 胜率≥ 65%,成长期进化路线 
V仔兽,V龙兽,等级≥ 20 友情≥ 4.5♥ 胜率≥ 90%,成长期进化路线 
比高兽,虫虫兽,等级≥ 13 昆虫经验≥ 260 胜率≥ 75%,成长期进化路线 
虫虫兽,刺钉兽,等级≥ 15 胜率≥ 80%,成长期进化路线 
迪哥兽,犰狳兽,等级≥ 13 野兽经验≥ 260 胜率≥ 75%,成长期进化路线 
犰狳兽,战甲兽,等级≥ 15 机械经验≥ 400,成长期进化路线 
迪哥兽,麻鹰兽,等级≥ 13 鸟类经验≥ 260 胜率≥ 75%,成长期进化路线 
麻鹰兽,天鹰兽,等级≥ 15 友情≥ 3♥,成长期进化路线 
哥玛兽,海狮兽,等级≥ 15 水生经验≥ 450,成长期进化路线 
滚球兽,贝塔兽,等级≥ 4,成长期进化路线 
贝塔兽,海龙兽,等级≥ 15 水生经验≥ 320,成长期进化路线 
布加兽,砗磲兽,等级≥ 6 水生经验≥ 30,成长期进化路线 
砗磲兽,墨鱼兽,等级≥ 15 水生经验≥ 350,成长期进化路线 
布加兽,蝌蚪兽,等级≥ 7 水生经验≥ 10,成长期进化路线 
蝌蚪兽,怪蛙兽,等级≥ 15 友情≥ 4♥,成长期进化路线 
滚球兽,基尔兽,等级≥ 6 巨龙经验≥ 115,成长期进化路线 
基尔兽,古拉兽,等级≥ 15 巨龙经验≥ 350,成长期进化路线 
基尔兽,黑基尔兽,携带黑数码核心数据,成长期进化路线 
黑基尔兽,黑古拉兽,等级≥ 15 巨龙经验≥ 350 黑暗经验≥ 120,成长期进化路线 
年糕兽,齿轮兽,等级≥ 4 机械经验≥ 20,成长期进化路线 
齿轮兽,守卫机器人兽,等级≥ 15 机械经验≥ 160,成长期进化路线 
甲虫兽,比多兽,等级≥ 15 胜率≥ 75%,成长期进化路线 
迪哥兽,古尼兽,等级≥ 4 昆虫经验≥ 15,成长期进化路线 
古尼兽,黄蜂兽,等级≥ 15 昆虫经验≥ 120,成长期进化路线 
比高兽,巴鲁兽,等级≥ 4 植物经验≥ 25,成长期进化路线 
巴鲁兽,仙人掌兽,等级≥ 15 植物经验≥ 595,成长期进化路线 
哈哈兽,虫蛹兽,等级≥ 18 黑暗经验≥ 1520,成长期进化路线 
年糕兽,幻蜂兽,等级≥ 10 昆虫经验≥ 80 友情≥ 2.5♥,成长期进化路线 
幻蜂兽,胡蜂兽,等级≥ 15 机械经验≥ 650 胜率≥ 40%,成长期进化路线 
布加兽,螃蟹兽,等级≥ 5 近防训练＞ 远防训练 水生经验≥ 12,成长期进化路线 
螃蟹兽,虾龙兽,等级≥ 15 水生经验≥ 400 机械经验≥ 125,成长期进化路线 
比高兽,佛洛拉兽,等级≥ 5 植物经验≥ 15 友情≥ 3♥,成长期进化路线 
佛洛拉兽,野菜兽,等级≥ 15 植物经验≥ 150,成长期进化路线 
年糕兽,拉拉兽,等级≥ 8 植物经验≥ 52,成长期进化路线 
拉拉兽,向日葵兽,等级≥ 15 植物经验≥ 595 友情≥ 2.5♥,成长期进化路线 
滚球兽,哈克兽,等级≥ 6 巨龙经验≥ 50 神圣经验≥ 15,成长期进化路线 
哈克兽,刃王哈克兽,等级≥ 15 神圣经验≥ 725 胜率≥ 80%,成长期进化路线 
珀罗兽,水果兽,等级≥ 6 植物经验≥ 60,成长期进化路线 
水果兽,枯木兽,等级≥ 15 植物经验≥ 310,成长期进化路线 
钩爪兽,德拉库兽,等级≥ 4 黑暗经验≥ 65 友情≥ 1♥ & 友情≤ 3♥,成长期进化路线 
德拉库兽,杜宾犬兽,等级≥ 15 野兽经验≥ 495,成长期进化路线 
卡普利兽,剑道兽,等级≥ 4 机械经验≥ 300 胜率≥ 45%,成长期进化路线 
剑道兽,龙人兽,等级≥ 15 巨龙经验≥ 300,成长期进化路线 
小火焰兽,火波兽,等级≥ 12 巨龙经验≥ 510 胜率≥ 80%,成长期进化路线 
火波兽,巨龙兽,等级≥ 16 友情≥ 3♥,成长期进化路线 
迪哥兽,高吼兽,等级≥ 10 巨龙经验≥ 190 胜率≥ 90%,成长期进化路线 
高吼兽,高吼兽（王）,等级≥ 20 巨龙经验≥ 520 胜率≥ 95%,成长期进化路线 
明星兽（合体战争）,明星兽,等级≥ 16,成长期进化路线 
拨片兽,明星兽S,& 1只明星兽（合体战争）+1只拨片兽 合体进化：1个数码组合芯片 等级≥ 8 友情≥ 4♥,成长期进化路线 
明星兽S,流星兽,等级≥ 16 友情≥ 4♥,成长期进化路线 
皮那兽,麻雀兽,等级≥ 8 鸟类经验≥ 150 机械经验≥ 350,成长期进化路线 
麻雀兽,铠甲鸟龙兽,等级≥ 16 鸟类经验≥ 320 机械经验≥ 750,成长期进化路线 
小火焰兽,刺针兽,等级≥ 6 机械经验≥ 600,成长期进化路线 
刺针兽,兵卒兽,等级≥ 15 机械经验≥ 1000,成长期进化路线 
喵喵兽,汀克兽,等级≥ 8 昆虫经验≥ 150,成长期进化路线 
汀克兽,仙女兽,等级≥ 30 完成挑战模式：第一边疆 昆虫经验≥ 2600,成长期进化路线 
汪喵兽,乌龟兽,等级≥ 7 水生经验≥ 200 机械经验≥ 50,成长期进化路线 
乌龟兽,龙人兽,等级≥ 15 巨龙经验≥ 300,成长期进化路线 
最初的数码蛋,乌科兽,创始村数码蛋概率获得,成长期进化路线 
乌科兽,大乌科兽,数码兽图鉴数≥ 400 击杀数≥ 15000 等级≥ 90 8个进化器,成长期进化路线 
汪喵兽,闪蝶兽,等级≥ 10 昆虫经验≥ 550 拥有过闪蝶兽,成长期进化路线 
闪蝶兽,厄俄斯兽,等级≥ 15 机械经验≥ 710 昆虫经验≥ 325,成长期进化路线 
软糖兽,碧龙兽,等级≥ 8 水生经验≥200 拥有碧龙兽,成长期进化路线 
碧龙兽,苍龙兽,等级≥ 15 水生经验≥ 650 胜率≥ 40%,成长期进化路线 
迪哥兽,小毒蜘蛛兽,等级≥ 5 昆虫经验≥ 35 远攻训练值≥ 40,成长期进化路线 
小毒蜘蛛兽,黄蜂兽,等级≥ 15 昆虫经验≥ 120,成长期进化路线 
伽马兽,参宿四伽马兽,等级≥ 16 友情≥ 3♥ 巨龙经验≥ 700,成长期进化路线 
蜡烛兽,火焰兽,等级≥ 15 友情≥ 2.5♥ 机械经验≥ 250,成长期进化路线 
雏鸡兽,无赖兽,等级≥ 15 友情≥ 3♥ 鸟类经验≥ 1200 近攻训练值≥ 150,成长期进化路线 
卡普利兽,突击龙兽,等级≥ 9 拥有过突击龙兽 机械经验≥ 550,成长期进化路线 
突击龙兽,高等突击龙兽,等级≥ 16 胜率≥ 50% 机械经验≥ 325,成长期进化路线 
刺猬兽,针毛兽,等级≥ 15 野兽经验≥ 1000 友情≥ 3♥,成长期进化路线 
圣诞雪球兽,圣诞雪人兽,等级≥ 50 友情≥ 4♥ 水生经验≥ 5900,成长期进化路线 
巨龙兽,大师巨龙兽,等级≥ 45 巨龙经验≥ 3250 胜率≥ 95%,成熟期进化路线
亚古兽,暴龙兽,等级≥ 18 友情≥ 4♥ 巨龙经验≥ 675 胜率≥ 60%,成熟期进化路线
暴龙兽,机械暴龙兽,等级≥ 45 友情≥ 4♥ 巨龙经验≥ 6750,成熟期进化路线
亚古兽,暴龙兽（蓝）,等级≥ 18 携带黑数码核心数据 黑暗经验≥ 715,成熟期进化路线
暴龙兽（蓝）,机械暴龙兽（病毒）,等级≥ 45 巨龙经验≥ 4500 机械经验≥ 3185,成熟期进化路线
亚古兽,大地暴龙兽,等级≥ 20 友情≥ 4♥ 巨龙经验≥ 710 胜率≥ 80%,成熟期进化路线
大地暴龙兽,跃升暴龙兽,等级≥ 45 机械经验≥ 3150 巨龙经验≥ 4960,成熟期进化路线
亚古兽（黑）,暴龙兽（合体战争）,等级≥ 25 友情≥ 2♥ & 友情≤ 3♥ 巨龙经验≥ 2010 胜率≥ 80%,成熟期进化路线
暴龙兽（合体战争）,三角龙兽,等级≥ 45 巨龙经验≥ 5000,成熟期进化路线
加奥兽,加鲁鲁兽,等级≥ 16 野兽经验≥ 355,成熟期进化路线
加鲁鲁兽,兽人加鲁鲁,等级≥ 45 野兽经验≥ 5000,成熟期进化路线
加鲁鲁兽（黑）,兽人加鲁鲁（黑）,等级≥ 45 野兽经验≥ 5200,成熟期进化路线
哥布林兽,加奥加兽,等级≥ 16 野兽经验≥ 535,成熟期进化路线
加奥加兽,音速加奥加兽,等级≥ 45 野兽经验≥ 5100 胜率≥ 50%,成熟期进化路线
角龙兽,朱红兽,等级≥ 55,成熟期进化路线
亚古兽,火焰兽,等级≥ 19 友情≥ 2.5♥ 巨龙经验≥ 15 机械经验≥ 510,成熟期进化路线
火焰兽,蓝色火焰兽,等级≥ 45 友情≤ 2.5♥ 胜率≥ 45%,成熟期进化路线
明星兽,超级明星兽,等级≥ 45 胜率≥ 50%,成熟期进化路线
明星兽（合体战争）,流星兽,等级≥ 18 友情≥ 4♥ 机械经验≥ 500 拥有过明星兽S,成熟期进化路线
流星兽,超级明星兽,等级≥ 45 胜率≥ 50%,成熟期进化路线
积木亚古兽,守卫机器人兽,等级≥ 16 机械经验≥ 500 近防训练≥ 110,成熟期进化路线
守卫机器人兽,百万龙兽,等级≥ 45 巨龙经验≥ 4500 黑暗经验≥ 404,成熟期进化路线
幻蜂兽,守卫机器人兽（金）,等级≥ 25 机械经验≥ 1890 防御训练值≥ 450,成熟期进化路线
守卫机器人兽（金）,纳米兽,等级≥ 45 机械经验≥ 6790,成熟期进化路线
加支兽,什么兽,等级≥ 15 胜率≤ 30%,成熟期进化路线
什么兽,猿猴兽,等级≥ 45 野兽经验≥ 5000,成熟期进化路线
亚古兽,大便兽,等级≥ 15 胜率≤ 30%,成熟期进化路线
大便兽,猿猴兽,等级≥ 45 野兽经验≥ 5000,成熟期进化路线
加支兽,鼻涕兽,等级≥ 15 胜率≤ 30%,成熟期进化路线
鼻涕兽,熊仔兽,等级≥ 45 野兽经验≥ 6800 友情≥ 4.5♥,成熟期进化路线
电力兽,卑劣兽,等级≥ 15 胜率≤ 30%,成熟期进化路线
卑劣兽,猿猴兽,等级≥ 45 野兽经验≥ 6500,成熟期进化路线
V仔兽,V仔兽EX,等级≥ 20 友情≥ 4.5♥ 巨龙经验≥ 500 胜率≥ 75%,成熟期进化路线
V仔兽EX,天翔V龙兽,等级≥ 45 巨龙经验≥ 5600 胜率≥ 99%,成熟期进化路线
哥布林兽,刺钉兽,等级≥ 25 昆虫经验≥ 855 胜率≥ 55%,成熟期进化路线
刺钉兽,大锹形虫兽,等级≥ 45 昆虫经验≥ 5230,成熟期进化路线
V龙兽,天翔V龙兽,等级≥ 45 巨龙经验≥ 5600 胜率≥ 99%,成熟期进化路线
电力兽,红色V龙兽,等级≥ 20 友情≤ 2.5♥ 胜率≥ 90%,成熟期进化路线
红色V龙兽,天翔V龙兽,等级≥ 45 巨龙经验≥ 5600 胜率≥ 99%,成熟期进化路线
V仔兽,V龙兽（黑）,等级≥ 22 携带黑数码核心数据 黑暗经验≥ 715,成熟期进化路线
V龙兽（黑）,大蛇兽,等级≥ 45 巨龙经验≥ 5800 胜率≥ 60%,成熟期进化路线
红色V龙兽,大师V龙兽,& 黄金V龙兽 合体进化：1个数码合体芯片 等级≥ 90 巨龙经验≥ 73000,成熟期进化路线
V仔兽,飞龙兽,等级≥ 16 巨龙经验≥ 565 神圣经验≥ 800 鸟类经验≥ 50,成熟期进化路线
飞龙兽,百万龙兽,等级≥ 45 巨龙经验≥ 4500 黑暗经验≥ 404,成熟期进化路线
雪人亚古兽,海龙兽,等级≥ 17 水生经验≥ 690,成熟期进化路线
海龙兽,百万海龙兽,等级≥ 45 水生经验≥ 5200,成熟期进化路线
雪人兽,祖顿兽,等级≥ 45 水生经验≥ 5160,成熟期进化路线
雪人亚古兽,鬼怪兽,等级≥ 15 胜率≤ 30%,成熟期进化路线
鬼怪兽,幻影兽,等级≥ 45 黑暗经验≥ 5000 友情≤ .5♥,成熟期进化路线
加奥兽,鬼魂兽,等级≥ 15 黑暗经验≥ 250 胜率≥ 30%,成熟期进化路线
鬼魂兽,幻影兽,等级≥ 45 黑暗经验≥ 5000 友情≤ .5♥,成熟期进化路线
天使兽,神圣天使兽,等级≥ 45 神圣经验≥ 5500 黑暗经验≤ 100 友情≥ 3♥,成熟期进化路线
巴达兽,比特兽,等级≥ 17 友情≥ 4.5♥ 神圣经验≥ 1100,成熟期进化路线
比特兽,神圣天使兽,等级≥ 45 神圣经验≥ 5500 黑暗经验≤ 100 友情≥ 3♥,成熟期进化路线
光明兽,恶魔兽,等级≥ 18 友情≤ 2.5♥ 黑暗经验≥ 666,成熟期进化路线
恶魔兽,吸血魔兽,等级≥ 45 黑暗经验≥ 6000,成熟期进化路线
雪人亚古兽,冰恶魔兽,等级≥ 23 友情≤ .5♥ 黑暗经验≥ 666 水生经验≥ 666,成熟期进化路线
冰恶魔兽,骷髅撒旦兽,等级≥ 45 黑暗经验≥ 5100,成熟期进化路线
巴达兽,九尾兽,等级≥ 24 胜率≥ 65% 野兽经验≥ 895,成熟期进化路线
九尾兽,祭师兽,等级≥ 45 神圣经验≥ 4900,成熟期进化路线
巴达兽,裂破兽,等级≥ 24 野兽经验≥ 550 神圣经验≥ 1000,成熟期进化路线
裂破兽,神圣天使兽,等级≥ 48 神圣经验≥ 5500 黑暗经验≤ 100 友情≥ 4♥,成熟期进化路线
大耳兽,迪路兽,等级≥ 21 神圣经验≥ 765,成熟期进化路线
迪路兽,天女兽,等级≥ 45 神圣经验≥ 5200 友情≥ 2.5♥,成熟期进化路线
小妖兽,黑迪路兽,等级≥ 18 野兽经验≥ 350 黑暗经验≥ 215,成熟期进化路线
黑迪路兽,女恶魔兽,等级≥ 45 黑暗经验≥ 4500 友情≥ 4.5♥,成熟期进化路线
加布兽（黑）,三毛猫兽,等级≥ 18 野兽经验≥ 350,成熟期进化路线
三毛猫兽,装载狮子兽,等级≥ 48 野兽经验≥ 1850 机械经验≥ 8900 近防训练值≥ 300,成熟期进化路线
大耳兽,奥加兽,等级≥ 23 胜率≥ 40% 黑暗经验≥ 350 野兽经验≥ 180,成熟期进化路线
奥加兽,数码蛋兽,等级≥ 45 黑暗经验≥ 5000,成熟期进化路线
亚古兽（黑）,风灾兽,等级≥ 25 黑暗经验≥ 300 友情≤ 2.5♥,成熟期进化路线
风灾兽,兽人加鲁鲁（黑）,等级≥ 45 野兽经验≥ 5200,成熟期进化路线
冰河兽,白狮兽,等级≥ 45 野兽经验≥ 3200 水生经验≥ 5000,成熟期进化路线
光明兽,虫蛹兽,等级≥ 25 黑暗经验≥ 1520 近防训练≥ 120,成熟期进化路线
虫蛹兽,地狱使者兽,等级≥ 45 黑暗经验≥ 6404 友情≤ 1♥ 胜率≥ 65%,成熟期进化路线
巴达兽,蛇鸡兽,等级≥ 19 鸟类经验≥ 890,成熟期进化路线
蛇鸡兽,华丽兽,等级≥ 45 鸟类经验≥ 3500 植物经验≥ 3500,成熟期进化路线
比丘兽,巴多拉兽,等级≥ 16 友情≥ 3.5♥ 鸟类经验≥ 850,成熟期进化路线
巴多拉兽,迦楼罗兽,等级≥ 45 鸟类经验≥ 2980,成熟期进化路线
使魔兽,刃龙兽,等级≥ 22 鸟类经验≥ 1000 黑暗经验≥ 300,成熟期进化路线
刃龙兽,迦楼罗兽,等级≥ 45 鸟类经验≥ 2980,成熟期进化路线
龙仔兽,核龙兽（蓝）,等级≥ 18 巨龙经验≥ 500,成熟期进化路线
核龙兽（蓝）,翔龙兽,等级≥ 45 友情≥ 3♥ 胜率≥ 75%,成熟期进化路线
龙仔兽,核龙兽（绿）,等级≥ 18 巨龙经验≥ 500,成熟期进化路线
核龙兽（绿）,地龙兽,等级≥ 45 友情≤ 1♥ 胜率≥ 75%,成熟期进化路线
加鲁哥兽,拉比兽,等级≥ 45 机械经验≥ 5300 野兽经验≥ 600,成熟期进化路线
黑大耳兽,黑加鲁哥兽,等级≥ 17 野兽经验≥ 500 黑暗经验≥ 25,成熟期进化路线
黑加鲁哥兽,黑疾速兽,等级≥ 45 机械经验≥ 5300 野兽经验≥ 600,成熟期进化路线
大耳兽,兔儿爷兽,等级≥ 18 野兽经验≥ 260 近攻训练≥ 110,成熟期进化路线
兔儿爷兽,安底罗兽（神将）,等级≥ 45 野兽经验≥ 5120 友情≥ 2♥ & 友情≤ 4♥,成熟期进化路线
加支兽,温迪兽,等级≥ 20 黑暗经验≥ 625 友情≤ .5♥,成熟期进化路线
温迪兽,安底罗兽,等级≥ 45 黑暗经验≥ 3150 友情≥ 2♥ & 友情≤ 4♥,成熟期进化路线
加奥兽,狮子兽,等级≥ 17 野兽经验≥ 520 胜率≥ 65%,成熟期进化路线
狮子兽,白狮兽,等级≥ 45 野兽经验≥ 3200 水生经验≥ 5000,成熟期进化路线
加支兽,疯狂狮子兽,等级≥ 18 野兽经验≥ 1200 黑暗经验≥ 950,成熟期进化路线
疯狂狮子兽,骷髅撒旦兽,等级≥ 55 黑暗经验≥ 5810,成熟期进化路线
刺针兽,疯狂狮子兽：武装形态,& 1只疯狂狮子兽+2只兵卒兽+2只刺针兽 合体进化：1个数码组合芯片 等级≥ 80 机械经验≥ 150000,成熟期进化路线
猎鹰兽,天鹰兽,等级≥ 20 鸟类经验≥ 890,成熟期进化路线
天鹰兽,迦楼罗兽,等级≥ 45 鸟类经验≥ 2980,成熟期进化路线
多路加兽,多路暴龙兽,等级≥ 45 野兽经验≥ 4120 巨龙经验≥ 5500,成熟期进化路线
多路兽,银龙兽,等级≥ 26 巨龙经验≥ 1250 近防训练≥ 95,成熟期进化路线
银龙兽,飞车龙兽,等级≥ 45 巨龙经验≥ 5000 近防训练≥ 250,成熟期进化路线
流光兽,杜宾犬兽,等级≥ 17 黑暗经验≥ 520,成熟期进化路线
杜宾犬兽,兽人加鲁鲁（黑）,等级≥ 45 野兽经验≥ 5000,成熟期进化路线
管狐兽（黄）,啄木鸟兽,等级≥ 26 鸟类经验≥ 890,成熟期进化路线
啄木鸟兽,八咫乌兽,等级≥ 45 鸟类经验≥ 5700,成熟期进化路线
加布兽,比多兽,等级≥ 22 友情≤ 2.5♥ 昆虫经验≥ 1000,成熟期进化路线
比多兽,超比多兽（蓝）,等级≥ 45 昆虫经验≥ 5100,成熟期进化路线
比丘兽,锹形虫兽,等级≥ 24 友情≤ 1.5♥ 昆虫经验≥ 720 胜率≥ 30%,成熟期进化路线
锹形虫兽,大锹形虫兽,等级≥ 45 昆虫经验≥ 5230,成熟期进化路线
加布兽（黑）,狙击兽,等级≥ 23 昆虫经验≥ 900,成熟期进化路线
狙击兽,大锹形虫兽,等级≥ 45 昆虫经验≥ 5230,成熟期进化路线
冰石兽,陨石兽,等级≥ 45 机械经验≥ 5000,成熟期进化路线
流光兽,强袭龙兽,等级≥ 24 巨龙经验≥ 690 胜率≥ 50%,成熟期进化路线
强袭龙兽,电子龙兽,等级≥ 45 巨龙经验≥ 4500,成熟期进化路线
巴达兽,战甲兽,等级≥ 22 巨龙经验≥ 340 机械经验≥ 200,成熟期进化路线
战甲兽,三角龙兽,等级≥ 45 巨龙经验≥ 5000 胜率≥ 75%,成熟期进化路线
大耳兽,海狮兽,等级≥ 20 水生经验≥ 690,成熟期进化路线
海狮兽,祖顿兽,等级≥ 45 水生经验≥ 5160,成熟期进化路线
企鹅兽,墨鱼兽,等级≥ 18 水生经验≥ 430 黑暗经验≥ 230,成熟期进化路线
墨鱼兽,恶海龙兽,等级≥ 45 水生经验≥ 3200 黑暗经验≥ 2250,成熟期进化路线
砗磲兽,怪蛙兽,等级≥ 18 水生经验≥ 320 友情≥ 4♥,成熟期进化路线
怪蛙兽,老爷怪蛙兽,等级≥ 48 水生经验≥ 6200,成熟期进化路线
亚古兽（黑）,古拉兽,等级≥ 16 巨龙经验≥ 612 胜率≥ 75%,成熟期进化路线
古拉兽,大古拉兽,等级≥ 45 巨龙经验≥ 1500 机械经验≥ 5000,成熟期进化路线
小恶魔兽,黑古拉兽,等级≥ 22 巨龙经验≥ 500 黑暗经验≥ 315,成熟期进化路线
黑古拉兽,黑大古拉兽,等级≥ 45 巨龙经验≥ 1500 机械经验≥ 5000,成熟期进化路线
积木亚古兽,古拉兽（橙）,等级≥ 20 巨龙经验≥ 450 胜率≥ 75%,成熟期进化路线
古拉兽（橙）,大古拉兽（橙）,等级≥ 45 巨龙经验≥ 1500 机械经验≥ 5000,成熟期进化路线
小妖兽,朋克兽,等级≥ 15 巨龙经验≥ 350 黑暗经验≥ 120 拥有过嘿嘿兽,成熟期进化路线
朋克兽,躁响兽,等级≥ 45 巨龙经验≥ 2000 机械经验≥ 5000 黑暗经验≥ 1500,成熟期进化路线
黄蜂兽,大锹形虫兽,等级≥ 45 昆虫经验≥ 5230,成熟期进化路线
比丘兽,仙人掌兽,等级≥ 25 植物经验≥ 660 胜率≥ 60%,成熟期进化路线
仙人掌兽,花仙兽,等级≥ 45 植物经验≥ 3990 友情≥ 4.5♥,成熟期进化路线
甲虫兽,枯木兽,等级≥ 20 植物经验≥ 600,成熟期进化路线
枯木兽,祖利兽,等级≥ 45 植物经验≥ 5230,成熟期进化路线
电力兽,野菜兽,等级≥ 18 植物经验≥ 380,成熟期进化路线
野菜兽,超比多兽（蓝）,等级≥ 45 昆虫经验≥ 6500,成熟期进化路线
小狗兽,刃王哈克兽,等级≥ 30 巨龙经验≥ 450 神圣经验≥ 725 胜率≥ 80%,成熟期进化路线
刃王哈克兽,救世主哈克兽,等级≥ 45 巨龙经验≥ 6750 胜率≥ 80%,成熟期进化路线
巴达兽,冠恐鸟兽,等级≥ 22 鸟类经验≥ 678 近攻训练≥ 100,成熟期进化路线
冠恐鸟兽,迦楼罗兽,等级≥ 45 鸟类经验≥ 2980,成熟期进化路线
亚古兽（黑）,铁钩兽,等级≥ 21 水生经验≥ 512 胜率≥ 50%,成熟期进化路线
铁钩兽,铁钩船长兽,等级≥ 45 水生经验≥ 5950 胜率≥ 40%,成熟期进化路线
甲虫兽,向日葵兽,等级≥ 23 植物经验≥ 795 友情≥ 2.5♥,成熟期进化路线
向日葵兽,丁香兽,等级≥ 45 植物经验≥ 4895 友情≥ 2.5♥,成熟期进化路线
V仔兽,牛人兽,等级≥ 20 野兽经验≥ 650 黑暗经验≥ 430 胜率≥ 80%,成熟期进化路线
牛人兽,猿猴兽,等级≥ 45 野兽经验≥ 5000,成熟期进化路线
古尼兽,蜻蜓兽,等级≥ 17 昆虫经验≥ 340 友情≥ 2♥ & 友情≤ 3♥,成熟期进化路线
蜻蜓兽,南瓜兽,等级≥ 45 黑暗经验≥ 4500 植物经验≥ 1200,成熟期进化路线
贝塔兽,沙地蜻蜓兽,等级≥ 22 拥有过蜻蜓兽 昆虫经验≥ 592,成熟期进化路线
沙地蜻蜓兽,奇虾兽,等级≥ 45 水生经验≥ 5230 友情≤ 1.5♥,成熟期进化路线
哥玛兽,虾龙兽,等级≥ 20 水生经验≥ 500 机械经验≥ 125,成熟期进化路线
虾龙兽,百万海龙兽,等级≥ 45 水生经验≥ 5200,成熟期进化路线
齿轮兽,音速兽,等级≥ 16 机械经验≥ 1995,成熟期进化路线
音速兽,电子龙兽,等级≥ 45 巨龙经验≥ 5000 黑暗经验≤ 1500 胜率≥ 60%,成熟期进化路线
哥布林兽,武士兽,等级≥ 19 黑暗经验≥ 560 胜率≥ 90%,成熟期进化路线
武士兽,阿修罗兽,等级≥ 45 神圣经验≥ 10000,成熟期进化路线
雪人亚古兽,甲板龙兽,等级≥ 20 巨龙经验≥ 500 机械经验≥ 1230,成熟期进化路线
甲板龙兽,地龙兽,等级≥ 45 友情≤ 1♥ 胜率≥ 75% 机械经验≥ 5000,成熟期进化路线
比丘兽,铠甲鸟龙兽,等级≥ 20 鸟类经验≥ 320 近防训练≥ 100 机械经验≥ 1000,成熟期进化路线
铠甲鸟龙兽,翔龙兽,等级≥ 45 友情≥ 3♥ 胜率≥ 75%,成熟期进化路线
多路兽,胡蜂兽,等级≥ 24 昆虫经验≥ 450 机械经验≥ 650 胜率≥ 40%,成熟期进化路线
胡蜂兽,炮蜂兽,等级≥ 45 昆虫经验≥ 2600 机械经验≥ 4120,成熟期进化路线
单角龙兽,龙人兽,等级≥ 16 巨龙经验≥ 300,成熟期进化路线
龙人兽,电子龙兽,等级≥ 45 巨龙经验≥ 4500,成熟期进化路线
巴达兽,巫师兽,等级≥ 18 友情≥ 2.5♥ 黑暗经验≥ 650,成熟期进化路线
巫师兽,贤者兽,等级≥ 45 黑暗经验≥ 5000,成熟期进化路线
阿耆尼兽,布利陀罗兽,等级≥ 55 友情≥ 4♥ 巨龙经验≥ 9150 1个进化器,成熟期进化路线
野狼兽,加鲁姆兽,等级≥ 55 友情≥ 4♥ 野兽经验≥ 9150 1个进化器,成熟期进化路线
仙女兽,舒兹兽,等级≥ 55 友情≥ 4♥ 鸟类经验≥ 9150 1个进化器,成熟期进化路线
企鹅兽,冰熊兽,等级≥ 30 完成挑战模式：第一边疆 水生经验≥ 2600,成熟期进化路线
冰熊兽,巴萨兽,等级≥ 55 友情≥ 4♥ 水生经验≥ 9150 1个进化器,成熟期进化路线
齿轮兽,电光兽,等级≥ 30 通关”第一边疆“ 昆虫经验≥ 2600,成熟期进化路线
电光兽,雷光兽,等级≥ 55 友情≥ 4♥ 昆虫经验≥ 9150 1个进化器,成熟期进化路线
砗磲兽,拉娜兽,等级≥ 30 完成挑战模式：第一边疆 水生经验≥ 2600,成熟期进化路线
拉娜兽,人鱼兽,等级≥ 45 水生经验≥ 5525 近攻训练≥ 280,成熟期进化路线
加支兽,幽暗兽,等级≥ 30 完成挑战模式：第一边疆 黑暗经验≥ 2600,成熟期进化路线
幽暗兽,地狱使者兽,等级≥ 45 黑暗经验≥ 6404 友情≤ 1♥,成熟期进化路线
巴达兽,钻头鼹鼠兽,等级≥ 16 野兽经验≥ 600 友情≥ 4♥,成熟期进化路线
钻头鼹鼠兽,熊猫兽,等级≥ 45 野兽经验≥ 5600 友情≥ 1♥ & 友情≤ 2♥,成熟期进化路线
加布兽,伪钻头鼹鼠兽,等级≥ 16 野兽经验≥ 600 友情≤ 3♥,成熟期进化路线
伪钻头鼹鼠兽,数码蛋兽,等级≥ 45 黑暗经验≥ 5000,成熟期进化路线
小妖兽,蟑螂兽,等级≥ 15 胜率≤ 30%,成熟期进化路线
蟑螂兽,超比多兽（蓝）,等级≥ 45 昆虫经验≥ 6500,成熟期进化路线
积木亚古兽,傻狗兽,等级≥ 16 胜率≤ 30% 野兽经验≥ 545,成熟期进化路线
傻狗兽,冒充兽,等级≥ 45 野兽经验≥ 5525,成熟期进化路线
黑大耳兽,彼得兽,等级≥ 22 友情≥ 4.5♥,成熟期进化路线
彼得兽,丁香兽,等级≥ 45 植物经验≥ 6250 友情≥ 2.5♥,成熟期进化路线
加支兽,德尔塔兽,等级≥ 22 巨龙经验≥ 963 近攻训练≥ 150 胜率≥ 60%,成熟期进化路线
德尔塔兽,百万龙兽,等级≥ 45 巨龙经验≥ 4500 黑暗经验≥ 404,成熟期进化路线
加支兽,獠牙兽,等级≥ 15 黑暗经验≥ 1500 友情≤ .5♥,成熟期进化路线
獠牙兽,兽人加鲁鲁,等级≥ 45 野兽经验≥ 5500,成熟期进化路线
单角龙兽,厄俄斯兽,等级≥ 25 机械经验≥ 1200 昆虫经验≥ 520 拥有过闪蝶兽,成熟期进化路线
厄俄斯兽,厄俄斯兽,等级≥ 45 友情≤ .5♥ 昆虫经验≥ 4590 机械经验≥7950,成熟期进化路线
雪人亚古兽,苍龙兽,等级≥ 15 水生经验≥ 650 胜率≥ 40% 拥有苍龙兽,成熟期进化路线
苍龙兽,冰晶苍龙兽,等级≥ 45 水生经验≥ 5000 友情≥ 3♥,成熟期进化路线
电力兽,埃癸奥兽,等级≥ 30 友情≥4♥ 胜率≥ 80% 神圣经验≥1200,成熟期进化路线
埃癸奥兽,埃癸奥都斯兽,等级≥ 45 友情≥4.5♥ 巨龙经验≥ 8500 神圣经验≥3500,成熟期进化路线
黑大耳兽,不行兽,等级≥ 15 胜率 ≤ 30%,成熟期进化路线
不行兽,冒充兽,等级≥ 45 野兽经验≥ 5525,成熟期进化路线
高吼兽（王）,奥米加高吼兽,等级≥ 55 神圣经验≥ 45000 胜率≥ 90% 2个进化器,成熟期进化路线
齿轮兽,弩炮兽,等级≥ 18 机械经验≥ 610 昆虫经验≥ 120,成熟期进化路线
弩炮兽,炮蜂兽,等级≥ 46 昆虫经验≥ 3600 机械经验≥ 4120,成熟期进化路线
高吼兽,高吼兽X2,& 弩炮兽 合体进化：1个数码组合芯片 等级≥ 18 友情≥ 4.5♥,成熟期进化路线
小妖兽,兵卒兽,等级≥ 20 机械经验≥ 1000 黑暗经验≥ 230 友情≤ .5♥,成熟期进化路线
兵卒兽,贤者兽,等级≥ 45 黑暗经验≥ 5000,成熟期进化路线
加支兽,哈努兽,等级≥ 18 野兽经验≥ 520 神圣经验≥ 150,成熟期进化路线
哈努兽,祭师兽,等级≥ 45 神圣经验≥ 4900,成熟期进化路线
参宿四伽马兽,卡诺维斯兽,等级≥ 45 友情≥ 4.5♥ 巨龙经验≥ 10000,成熟期进化路线
伽马兽,弧矢一伽马兽,等级≥ 16 友情≥ 3♥ 机械经验≥ 700,成熟期进化路线
弧矢一伽马兽,卡诺维斯兽,等级≥ 45 友情≥ 4.5♥ 巨龙经验≥ 10000,成熟期进化路线
伽马兽,箕宿三伽马兽,等级≥ 16 友情≥ 3♥ 鸟类经验≥ 700,成熟期进化路线
箕宿三伽马兽,卡诺维斯兽,等级≥ 45 友情≥ 4.5♥ 巨龙经验≥ 10000,成熟期进化路线
伽马兽,轩辕十四伽马兽,等级≥ 16 友情≤ 3♥ 黑暗经验≥ 700,成熟期进化路线
轩辕十四伽马兽,轩辕十四兽,等级≥ 45 友情≤ 1♥ 黑暗经验≥ 10000,成熟期进化路线
大耳兽,女巫兽,等级≥ 20 友情≥ 2.5♥ 黑暗经验≥ 550 水生经验≥ 200,成熟期进化路线
女巫兽,天女兽,等级≥ 45 黑暗经验≥ 4500 友情≥ 4.5♥,成熟期进化路线
积木亚古兽,魔像兽PS,等级≥ 18 成就数≥ 30 机械经验≥ 2000,成熟期进化路线
魔像兽PS,豆豆兽,等级≥ 45 机械经验≥ 5200,成熟期进化路线
无赖兽,武天兽,等级≥ 45 友情≥ 3♥ 鸟类经验≥ 7500 近攻训练值≥ 400,成熟期进化路线
高等突击龙兽,大蛇兽,等级≥ 45 巨龙经验≥ 5800 胜率≥ 60%,成熟期进化路线
突击龙兽,海豹龙兽,等级≥ 16 友情≤ 1♥ 机械经验≥ 325 胜率≥ 60%,成熟期进化路线
海豹龙兽,装载狮子兽,等级≥ 48 野兽经验≥ 7500 机械经验≥ 2820 近防训练值≥ 300,成熟期进化路线
针毛兽,巨硬针毛兽,等级≥ 45 野兽经验≥ 4500 胜率≥ 85% 友情≥ 4♥,成熟期进化路线
机械暴龙兽,战斗暴龙兽,等级≥ 75 巨龙经验≥ 25000 胜率≥ 85% 4个进化器,完全体进化路线
暴龙兽,机械暴龙兽（病毒）,等级≥ 52 携带黑数码核心数据 巨龙经验≥ 7100,完全体进化路线
机械暴龙兽（病毒）,黑战斗暴龙兽,等级≥ 75 黑暗经验≥ 25000 胜率≥ 85% 4个进化器,完全体进化路线
跃升暴龙兽,闪光暴龙兽,等级≥ 75 巨龙经验≥ 25000 神圣经验≥ 15600 3个进化器,完全体进化路线
暴龙兽（合体战争）,机械暴龙兽（合体战争）,& 铠甲鸟龙兽 合体进化：1个数码合体芯片 等级≥ 45,完全体进化路线
机械暴龙兽（合体战争）,无限龙兽,等级≥ 75 机械经验≥ 29150 黑暗经验≥ 10000 5个进化器,完全体进化路线
暴龙兽,骷髅暴龙兽,等级≥ 46 友情≤ 1♥ 黑暗经验≥ 5000 胜率≤ 30%,完全体进化路线
骷髅暴龙兽,黑战斗暴龙兽,等级≥ 75 黑暗经验≥ 25000 胜率≥ 85% 4个进化器,完全体进化路线
暴龙兽,金属巨龙兽,等级≥ 49 巨龙经验≥ 1955 机械经验≥ 6810,完全体进化路线
金属巨龙兽,红锈巨龙兽,等级≥ 75 机械经验≥ 34000 巨龙经验≥ 19000 7个进化器,完全体进化路线
大师巨龙兽,戴拿兽,等级≥ 75 击杀数≥ 7000 巨龙经验≥ 65000 8个进化器,完全体进化路线
大便兽,超级明星兽,等级≥ 51 机械经验≥ 6000 胜率≥ 35%,完全体进化路线
超级明星兽,正义兽,等级≥ 75 黑暗经验≤ 8000 胜率≥ 95% 4个进化器,完全体进化路线
火焰兽,黑暗巨星兽,等级≥ 52 机械经验≥ 3500 黑暗经验≥ 6100,完全体进化路线
黑暗巨星兽,暗龙兽,等级≥ 75 黑暗经验≥ 25800 机械经验≥ 25410 4个进化器,完全体进化路线
飞龙兽,百万海龙兽,等级≥ 51 水生经验≥ 6120 友情≥ 1.5♥,完全体进化路线
百万海龙兽,金属海龙兽,等级≥ 75 水生经验≥ 32000 机械经验≥ 18000 4个进化器,完全体进化路线
加鲁鲁兽,恶海龙兽,等级≥ 50 水生经验≥ 5200 黑暗经验≥ 2250,完全体进化路线
恶海龙兽,利维亚兽,等级≥ 75 水生经验≥ 35000 黑暗经验≥ 29000 7个进化器,完全体进化路线
祖顿兽,蛇颈龙兽,等级≥ 75 水生经验≥ 29000 友情≥ 5♥ 7个进化器,完全体进化路线
海龙兽,巨鲸兽,等级≥ 47 水生经验≥ 6150 友情≥ 3.5♥,完全体进化路线
巨鲸兽,尼普顿兽,等级≥ 75 水生经验≥ 35000 胜率≥ 80% 4个进化器,完全体进化路线
角龙兽,三角龙兽,等级≥ 45 巨龙经验≥ 5000,完全体进化路线
三角龙兽,炮龙兽,等级≥ 75 巨龙经验≥ 25600 机械经验≥ 32000 5个进化器,完全体进化路线
V仔兽EX,神圣天使兽,等级≥ 65 神圣经验≥ 6800 黑暗经验≤ 100 友情≥ 4♥,完全体进化路线
神圣天使兽,炽天使兽,等级≥ 75 神圣经验≥ 27000 黑暗经验≤ 8000 4个进化器,完全体进化路线
雪人兽,天女兽,等级≥ 55 神圣经验≥ 7250 友情≥ 4.5♥,完全体进化路线
天女兽,座天使兽,等级≥ 75 神圣经验≥ 27000 黑暗经验≤ 8000 4个进化器,完全体进化路线
鬼怪兽,女恶魔兽,等级≥ 52 黑暗经验≥ 7260 友情≥ 4.5♥ 胜率≥ 85%,完全体进化路线
女恶魔兽,莉莉丝兽,等级≥ 75 黑暗经验≥ 26969 胜率≥ 69% 6个进化器,完全体进化路线
幻影兽,小丑兽,等级≥ 75 黑暗经验≥ 33500 胜率≥ 80% 6个进化器,完全体进化路线
骷髅撒旦兽,魔神兽,等级≥ 75 友情≤ .5♥ 黑暗经验≥ 66600 3个进化器,完全体进化路线
冰恶魔兽,祖利兽,等级≥ 58 植物经验≥ 8650 黑暗经验≥ 210 友情≤ 4♥,完全体进化路线
祖利兽,木偶兽,等级≥ 75 植物经验≥ 29650 黑暗经验≥ 15800 4个进化器,完全体进化路线
明星兽,数码蛋兽,等级≥ 48 黑暗经验≥ 4800,完全体进化路线
数码蛋兽,恶魔蛋兽,等级≥ 75 黑暗经验≥ 35000 友情≤ .5♥ 5个进化器,完全体进化路线
巨龙兽,大古拉兽,等级≥ 49 巨龙经验≥ 3210 机械经验≥ 5300,完全体进化路线
大古拉兽,红莲骑士兽,等级≥ 75 神圣经验≥ 29000 胜率≥ 85% 5个进化器,完全体进化路线
大古拉兽,黑大古拉兽,携带黑数码核心数据,完全体进化路线
黑大古拉兽,混沌骑士兽,等级≥ 75 黑暗经验≥ 29000 胜率≥ 85% 5个进化器,完全体进化路线
暴龙兽,大古拉兽（橙）,等级≥ 49 巨龙经验≥ 1500 机械经验≥ 7150,完全体进化路线
大古拉兽（橙）,红莲骑士兽,等级≥ 75 神圣经验≥ 29000 胜率≥ 85% 5个进化器,完全体进化路线
躁响兽,重金属龙兽,等级≥ 75 击杀数≥ 3000 黑暗经验≥ 32500 7个进化器,完全体进化路线
巨龙兽,朱红兽,等级≥ 48 巨龙经验≥ 5200,完全体进化路线
朱红兽,炮龙兽,等级≥ 75 巨龙经验≥ 25600 机械经验≥ 32000 5个进化器,完全体进化路线
蓝色火焰兽,螺栓兽,等级≥ 75 黑暗经验≥ 35000 胜率≤ 30% 6个进化器,完全体进化路线
V龙兽,电子龙兽,等级≥ 50 巨龙经验≥ 5000 黑暗经验≤ 1500 胜率≥ 60%,完全体进化路线
电子龙兽,正义兽,等级≥ 75 黑暗经验≤ 8000 胜率≥ 95% 4个进化器,完全体进化路线
裂破兽,华丽兽,等级≥ 65 鸟类经验≥ 5500 植物经验≥ 4500,完全体进化路线
华丽兽,凤凰兽,等级≥ 75 鸟类经验≥ 31500 神圣经验≥ 15000 5个进化器,完全体进化路线
火焰兽,迦楼罗兽,等级≥ 59 鸟类经验≥ 6150,完全体进化路线
迦楼罗兽,凤凰兽,等级≥ 75 鸟类经验≥ 31500 神圣经验≥ 15000 5个进化器,完全体进化路线
天翔V龙兽,究极V龙兽,等级≥ 75 神圣经验≥ 32650 巨龙经验≥ 15900 6个进化器,完全体进化路线
角龙兽,百万龙兽,等级≥ 50 巨龙经验≥ 4500 黑暗经验≥ 404,完全体进化路线
百万龙兽,无限龙兽,等级≥ 75 机械经验≥ 29150 黑暗经验≥ 10000 5个进化器,完全体进化路线
大地暴龙兽,翔龙兽,等级≥ 50 友情≥ 4♥ 巨龙经验≥ 7200 胜率≥ 75%,完全体进化路线
翔龙兽,斩龙兽,等级≥ 75 巨龙经验≥ 35000 胜率≥ 98% 7个进化器,完全体进化路线
火焰兽,地龙兽,等级≥ 50 友情≤ 1♥ 巨龙经验≥ 7200 胜率≥ 75%,完全体进化路线
地龙兽,破坏龙兽,等级≥ 75 机械经验≥ 25840 巨龙经验≥ 15780 5个进化器,完全体进化路线
贤者兽,贝尔菲兽：沉睡形态,等级≥ 75 黑暗经验≥ 36000 野兽经验≥ 12500 4个进化器,完全体进化路线
加鲁鲁兽,多路暴龙兽,等级≥ 62 野兽经验≥ 6120 巨龙经验≥ 7500,完全体进化路线
多路暴龙兽,阿尔法兽,等级≥ 75 神圣经验≥ 29000 胜率≥ 95% 6个进化器,完全体进化路线
海龙兽,飞车龙兽,等级≥ 65 巨龙经验≥ 6750 近防训练≥ 360,完全体进化路线
飞车龙兽,王龙兽,等级≥ 75 巨龙经验≥ 59000 近防训练≥ 400 5个进化器,完全体进化路线
迪路兽,兽人加鲁鲁,等级≥ 61 野兽经验≥ 7500,完全体进化路线
兽人加鲁鲁,钢铁加鲁鲁兽,等级≥ 75 机械经验≥ 45000 友情≥ 4.5♥ 5个进化器,完全体进化路线
奥加兽,兽人加鲁鲁（黑）,等级≥ 48 野兽经验≥ 5200 黑暗经验≥ 4000,完全体进化路线
兽人加鲁鲁（黑）,钢铁加鲁鲁兽（黑）,等级≥ 75 水生经验≥ 27000 机械经验≥ 27000 4个进化器,完全体进化路线
裂破兽,音速加奥加兽,等级≥ 50 野兽经验≥ 5500 胜率≥ 60%,完全体进化路线
音速加奥加兽,幻影加奥加兽,等级≥ 75 野兽经验≥ 31550 友情≥ 4♥ 5个进化器,完全体进化路线
拉比兽,圣加鲁哥兽,等级≥ 75 机械经验≥ 32100 野兽经验≥ 19200 5个进化器,完全体进化路线
加鲁鲁兽（黑）,黑疾速兽,等级≥ 47 机械经验≥ 4500 野兽经验≥ 7520,完全体进化路线
黑疾速兽,黑圣加鲁哥兽,等级≥ 75 机械经验≥ 32100 黑暗经验≥ 19200 5个进化器,完全体进化路线
加鲁哥兽,安底罗兽（神将）,等级≥ 49 野兽经验≥ 5120 神圣经验≥ 3150 友情≥ 2♥ & 友情≤ 4♥,完全体进化路线
安底罗兽（神将）,智天使兽（善）,等级≥ 75 神圣经验≥ 28000 野兽经验≥ 28000 4个进化器,完全体进化路线
加鲁哥兽,安底罗兽,等级≥ 49 野兽经验≥ 5120 黑暗经验≥ 3150 友情≥ 2♥ & 友情≤ 4♥,完全体进化路线
安底罗兽,智天使兽（恶）,等级≥ 75 黑暗经验≥ 28000 野兽经验≥ 28000 4个进化器,完全体进化路线
天使兽,祭师兽,等级≥ 48 野兽经验≥ 5950 神圣经验≥ 2650,完全体进化路线
祭师兽,咲耶兽,等级≥ 75 神圣经验≥ 32500 野兽经验≥ 29000 5个进化器,完全体进化路线
迪路兽,花仙兽,等级≥ 48 植物经验≥ 6780 友情≥ 3♥,完全体进化路线
花仙兽,蔷薇兽,等级≥ 75 植物经验≥ 25000 胜率≥ 65% 4个进化器,完全体进化路线
恶魔兽,地狱使者兽,等级≥ 65 黑暗经验≥ 7404 友情≤ 1♥ 胜率≥ 65%,完全体进化路线
地狱使者兽,迪亚波罗兽,等级≥ 75 击杀数≥ 6000 黑暗经验≥ 38000 7个进化器,完全体进化路线
红色V龙兽,超比多兽（红）,等级≥ 56 昆虫经验≥ 5690,完全体进化路线
超比多兽（红）,力神比多兽,等级≥ 75 昆虫经验≥ 31000 友情≥ 4.5♥ 7个进化器,完全体进化路线
虫蛹兽,超比多兽（蓝）,等级≥ 55 昆虫经验≥ 5100,完全体进化路线
超比多兽（蓝）,力神比多兽,等级≥ 75 昆虫经验≥ 31000 友情≥ 4.5♥ 7个进化器,完全体进化路线
大锹形虫兽,究极古加兽,等级≥ 75 昆虫经验≥ 28000 胜率≥ 85% 6个进化器,完全体进化路线
火焰兽,吸血魔兽,等级≥ 49 黑暗经验≥ 5000 胜率≥ 85%,完全体进化路线
吸血魔兽,怨毒吸血魔兽,等级≥ 75 黑暗经验≥ 42000 友情≥ .5♥ & 友情≤ 1♥ 7个进化器,完全体进化路线
海龙兽,奇虾兽,等级≥ 50 水生经验≥ 5230 友情≤ 1.5♥,完全体进化路线
奇虾兽,河豚兽,等级≥ 75 水生经验≥ 39000 胜率≥ 95% 6个进化器,完全体进化路线
白狮兽,剑狮兽,等级≥ 75 野兽经验≥ 29500 友情≥ 4.5♥ 5个进化器,完全体进化路线
狮子兽,装载狮子兽,等级≥ 50 野兽经验≥ 2500 机械经验≥ 7520 近防训练值≥ 300,完全体进化路线
装载狮子兽,重装狮子兽,等级≥ 75 机械经验≥ 53000 近防训练值≥ 450 8个进化器,完全体进化路线
明星兽,陨石兽,等级≥ 50 机械经验≥ 5100,完全体进化路线
陨石兽,金属猿猴兽,等级≥ 75 机械经验≥ 34000 胜率≥ 95% 5个进化器,完全体进化路线
巨龙兽,EX巨龙兽,等级≥ 55 巨龙经验≥ 7250 友情≥ 4.5♥,完全体进化路线
EX巨龙兽,红锈巨龙兽,等级≥ 75 胜率≥ 80% 机械经验≥ 40000 7个进化器,完全体进化路线
雪人兽,熊仔兽,等级≥ 65 野兽经验≥ 7250 友情≥ 4.5♥,完全体进化路线
熊仔兽,噩梦熊仔兽,等级≥ 75 击杀数≥ 7000 友情≥ 4.5♥ 8个进化器,完全体进化路线
鬼怪兽,恶霸熊仔兽,等级≥ 45 野兽经验≥ 4855 黑暗经验≥ 5900,完全体进化路线
恶霸熊仔兽,噩梦熊仔兽,等级≥ 75 击杀数≥ 7000 友情≥ 4.5♥ 8个进化器,完全体进化路线
雪人兽,熊猫兽,等级≥ 60 野兽经验≥ 7550 友情≥ 1♥ & 友情≤ 2♥,完全体进化路线
熊猫兽,正义兽,等级≥ 75 黑暗经验≤ 8000 胜率≥ 95% 4个进化器,完全体进化路线
猿猴兽,金属猿猴兽,等级≥ 75 机械经验≥ 34000 胜率≥ 95% 5个进化器,完全体进化路线
刃龙兽,八咫乌兽,等级≥ 45 鸟类经验≥ 5700 黑暗经验≥ 3650,完全体进化路线
八咫乌兽,渡鸦兽,等级≥ 75 鸟类经验≥ 33000 黑暗经验≥ 10000 4个进化器,完全体进化路线
老爷怪蛙兽,河豚兽,等级≥ 75 水生经验≥ 39000 胜率≥ 95% 6个进化器,完全体进化路线
鬼怪兽,南瓜兽,等级≥ 45 黑暗经验≥ 3500 植物经验≥ 2200,完全体进化路线
南瓜兽,高贵南瓜兽,等级≥ 75 成就≥ 80 友情≥ 2♥ & 友情≤ 4♥ 7个进化器,完全体进化路线
光明兽：堕落形态,光明兽：撒旦形态,等级≥ 75 击杀数≥ 10000 黑暗经验≥ 36660 3个加速器,完全体进化路线
V仔兽EX,机甲龙兽,& 刺钉兽 合体进化：1个数码合体芯片 等级≥ 50,完全体进化路线
机甲龙兽,帝皇龙兽：龙形态,等级≥ 75 巨龙经验≥ 41000 友情≥ 2♥ & 友情≤ 3♥ 7个进化器,完全体进化路线
荷鲁斯兽,人面战鹰兽,等级≥ 60 鸟类经验≥ 8000 神圣经验≥ 9000 拥有过人面战鹰兽,完全体进化路线
人面战鹰兽,瓦尔基里兽,等级≥ 75 鸟类经验≥ 41000 胜率≥ 99% 6个进化器,完全体进化路线
天使兽,土偶兽,& 战甲兽 合体进化：1个数码合体芯片 等级≥ 50,完全体进化路线
土偶兽,维京兽,等级≥ 75 水生经验≥ 20000 防御训练值≥ 350 6个进化器,完全体进化路线
天使兽,救世主哈克兽,等级≥ 59 巨龙经验≥ 6200 神圣经验≥ 7300 胜率≥ 80%,完全体进化路线
救世主哈克兽,杰斯兽,等级≥ 75 神圣经验≥ 57000 胜率≥ 98% 7个进化器,完全体进化路线
火焰兽,豆豆兽,等级≥ 48 机械经验≥ 5200,完全体进化路线
豆豆兽,正义兽,等级≥ 75 黑暗经验≤ 8000 胜率≥ 95% 4个进化器,完全体进化路线
巨龙兽,腕龙兽,等级≥ 58 巨龙经验≥ 2650 水生经验≥ 6190 胜率≥ 40%,完全体进化路线
腕龙兽,炮龙兽,等级≥ 75 巨龙经验≥ 25600 机械经验≥ 32000 5个进化器,完全体进化路线
锹形虫兽,炮蜂兽,等级≥ 46 昆虫经验≥ 3600 机械经验≥ 4120,完全体进化路线
炮蜂兽,虎蜂兽,等级≥ 75 昆虫经验≥ 29000 胜率≥ 90% 6个进化器,完全体进化路线
高吼兽,奥米加高吼兽,等级≥ 70 神圣经验≥ 45000 胜率≥ 95% 6个进化器,完全体进化路线
奥米加高吼兽,奥米加冒充兽,& 冒充兽 合体进化：1个数码组合芯片 等级≥ 85 机械经验≥ 71000,完全体进化路线
火焰兽,阿修罗兽,等级≥ 50 神圣经验≥ 10000,完全体进化路线
阿修罗兽,斩伐兽,等级≥ 75 黑暗经验≥ 51000 胜率≥ 60% 5个进化器,完全体进化路线
刃龙兽,鹦鹉兽,等级≥ 48 鸟类经验≥ 7800 胜率≥ 40%,完全体进化路线
鹦鹉兽,凤凰兽,等级≥ 75 鸟类经验≥ 26500 神圣经验≥ 20000 5个进化器,完全体进化路线
怪蛙兽,铁钩船长兽,等级≥ 51 水生经验≥ 6950 胜率≥ 70%,完全体进化路线
铁钩船长兽,尼普顿兽,等级≥ 75 水生经验≥ 35000 胜率≥ 80% 4个进化器,完全体进化路线
迪路兽,丁香兽,等级≥ 46 植物经验≥ 7860 友情≥ 3♥,完全体进化路线
丁香兽,蔷薇兽,等级≥ 75 植物经验≥ 25000 胜率≥ 65% 4个进化器,完全体进化路线
天使兽,骏鹰兽,等级≥ 46 鸟类经验≥ 4920 野兽经验≥ 1895,完全体进化路线
骏鹰兽,瓦尔德兽,等级≥ 75 鸟类经验≥ 25000 神圣经验≥ 40000 7个进化器,完全体进化路线
布利陀罗兽,阿耆尼兽,等级≥ 40 携带模式选择器,完全体进化路线
阿耆尼兽,阿尔达兽,& 布利陀罗兽 合体进化：1个数码合体芯片 等级≥ 65,完全体进化路线
阿尔达兽,凯撒暴龙兽,等级≥ 75 击杀数≥ 6000 巨龙经验≥ 39990 8个进化器,完全体进化路线
加鲁姆兽,古代加鲁鲁兽,等级≥ 85 击杀数≥ 10000 野兽经验≥ 65000 8个进化器,完全体进化路线
舒兹兽,古代彩虹兽,等级≥ 85 击杀数≥ 10000 鸟类经验≥ 65000 8个进化器,完全体进化路线
巴萨兽,冰熊兽,等级≥ 40 携带模式选择器,完全体进化路线
雷光兽,电光兽,等级≥ 40 携带模式选择器,完全体进化路线
鬼怪兽,胧魂兽,等级≥ 48 黑暗经验≥ 7260 胜率≥ 96%,完全体进化路线
胧魂兽,斩伐兽,等级≥ 75 黑暗经验≥ 51000 胜率≥ 60% 5个进化器,完全体进化路线
迪路兽,冒充兽,等级≥ 42 野兽经验≥ 3525 胜率≤ 30%,完全体进化路线
冒充兽,奥米加冒充兽,& 奥米加高吼兽 合体进化：1个数码组合芯片 等级≥ 85 机械经验≥ 71000,完全体进化路线
恶魔兽,新种恶魔兽,等级≥ 45 黑暗经验≥ 7520 胜率≥ 60%,完全体进化路线
新种恶魔兽,但丁恶魔兽,等级≥ 75 击杀数≥ 7000 黑暗经验≥ 65000 8个进化器,完全体进化路线
海狮兽,人鱼兽,等级≥ 48 水生经验≥ 6500 近攻训练≥ 280,完全体进化路线
人鱼兽,海天使兽,等级≥ 75 神圣经验≥ 35000 友情≥5♥ 5个进化器,完全体进化路线
厄俄斯兽,厄俄斯兽,等级≥ 85 昆虫经验≥ 50000 机械经验≥ 32500 8个进化器,完全体进化路线
埃癸奥都斯兽,朱庇特兽,等级≥ 75 神圣经验≥ 45000 胜率≥ 99% 8个进化器,完全体进化路线
冰河兽,冰晶苍龙兽,等级≥ 56 水生经验≥ 7000 友情≥ 4♥ 拥有过冰晶苍龙兽,完全体进化路线
冰晶苍龙兽,魔导碧晶兽,等级≥ 75 水生经验≥ 32000 胜率≥ 90% 8个进化器,完全体进化路线
大蛇兽,尼德霍格兽,等级≥ 78 巨龙经验≥ 65800 击杀数≥ 8000 8个进化器,完全体进化路线
守卫机器人兽,纳米兽,等级≥ 45 机械经验≥ 5200 黑暗经验≥ 404,完全体进化路线
纳米兽,无限龙兽,等级≥ 75 机械经验≥ 29150 黑暗经验≥ 8000 5个进化器,完全体进化路线
卡诺维斯兽,天狼星兽,等级≥ 75 巨龙经验≥ 35000 神圣经验≥ 80000 7个进化器,完全体进化路线
轩辕十四兽,大角星兽,等级≥ 75 巨龙经验≥ 35000 黑暗经验≥ 80000 7个进化器,完全体进化路线
武天兽,柯罗诺兽：神圣形态,等级≥ 90 完成挑战模式：时间大师 鸟类经验≥ 150000 10个加速器,完全体进化路线
巨硬针毛兽,螺旋兽,等级≥ 75 野兽经验≥ 95000 友情≥ 5♥ 7个进化器,完全体进化路线
战斗暴龙兽,奥米加兽,& 钢铁加鲁鲁兽 合体进化：1个数码合体芯片 等级≥ 85 神圣经验≥ 90000,究极体进化路线
黑战斗暴龙兽,奥米加兽兹瓦特,& 钢铁加鲁鲁兽（黑） 合体进化：1个数码合体芯片 等级≥ 85 黑暗经验≥ 90000,究极体进化路线
骷髅暴龙兽,闪光暴龙兽,等级≥ 77 巨龙经验≥ 25000 神圣经验≥ 15600 3个进化器,究极体进化路线
闪光暴龙兽,闪光暴龙兽：爆裂形态,等级≥ 85 巨龙经验≥ 55000 神圣经验≥ 37500 2个加速器,究极体进化路线
机械暴龙兽,胜利暴龙兽,等级≥ 77 巨龙经验≥ 39000 胜率≥ 99% 5个进化器,究极体进化路线
机械暴龙兽（病毒）,电光暴龙兽,等级≥ 75 巨龙经验≥ 15000 机械经验≥ 46500 5个进化器,究极体进化路线
电光暴龙兽,奥米加兽 Alter-S,& 偃月加鲁鲁兽 合体进化：1个数码合体芯片 等级≥ 85 神圣经验≥ 90000,究极体进化路线
机械暴龙兽,无限龙兽,等级≥ 79 机械经验≥ 29150 黑暗经验≥ 10000 5个进化器,究极体进化路线
无限龙兽,混沌龙兽,等级≥ 90 击杀数≥ 7000 4个加速器,究极体进化路线
机械暴龙兽,红锈巨龙兽,等级≥ 82 机械经验≥ 34000 巨龙经验≥ 19000 7个进化器,究极体进化路线
骷髅暴龙兽,颅骨兽,等级≥ 83 机械经验≥ 31000 胜率≥ 95% 4个进化器,究极体进化路线
机械暴龙兽,红莲骑士兽,等级≥ 80 神圣经验≥ 29000 黑暗经验≤ 6000 5个进化器,究极体进化路线
大古拉兽,混沌骑士兽,等级≥ 80 携带黑数码核心数据 黑暗经验≥ 29000 5个进化器,究极体进化路线
大古拉兽,暗龙兽,等级≥ 78 黑暗经验≥ 29800 机械经验≥ 25410 4个进化器,究极体进化路线
猿猴兽,圣加鲁哥兽,等级≥ 83 机械经验≥ 32100 野兽经验≥ 19200 6个进化器,究极体进化路线
圣加鲁哥兽,黑圣加鲁哥兽,携带黑数码核心数据 1个进化器,究极体进化路线
猿猴兽,小丑兽,等级≥ 77 黑暗经验≥ 33500 胜率≥ 80% 6个进化器,究极体进化路线
阿尔法兽,阿尔法兽：王龙剑,& 王龙兽 合体进化：1个数码合体芯片 等级≥ 90 神圣经验≥ 100000,究极体进化路线
王龙兽,阿尔法兽：王龙剑,& 阿尔法兽 合体进化：1个数码合体芯片 等级≥ 90 神圣经验≥ 100000,究极体进化路线
天女兽,蔷薇兽,等级≥ 78 植物经验≥ 25000 胜率≥ 65% 4个进化器,究极体进化路线
蔷薇兽,蔷薇兽：爆裂形态,等级≥ 85 植物经验≥ 55000 神圣经验≥ 37500 2个加速器,究极体进化路线
女恶魔兽,莲花兽,等级≥ 79 植物经验≥ 32000 友情≥ 4♥ 5个进化器,究极体进化路线
莲花兽,大王花兽,& 蔷薇兽 合体进化：1个数码合体芯片 等级≥ 80 植物经验≥ 75000,究极体进化路线
蔷薇兽,大王花兽,& 莲花兽 合体进化：1个数码合体芯片 等级≥ 80 植物经验≥ 75000,究极体进化路线
跃升暴龙兽,斩龙兽,等级≥ 80 巨龙经验≥ 35000 胜率≥ 98% 7个进化器,究极体进化路线
斩龙兽,艾可萨兽,& 破坏龙兽 合体进化：1个数码合体芯片 等级≥ 95 巨龙经验≥ 150000,究极体进化路线
多路暴龙兽,破坏龙兽,等级≥ 81 机械经验≥ 25840 黑暗经验≥ 15780 5个进化器,究极体进化路线
破坏龙兽,艾可萨兽,& 斩龙兽 合体进化：1个数码合体芯片 等级≥ 95 巨龙经验≥ 150000,究极体进化路线
百万海龙兽,千兆海龙兽,等级≥ 80 水生经验≥ 29500 机械经验≥ 65000 8个进化器,究极体进化路线
百万海龙兽,尼普顿兽,等级≥ 78 水生经验≥ 35000 胜率≥ 80% 4个进化器,究极体进化路线
座天使兽,座天使兽：堕落形态,等级≥ 85 黑暗经验≥ 66666 携带黑色齿轮 4个进化器,究极体进化路线
幻影兽,怨毒吸血魔兽,等级≥ 79 黑暗经验≥ 42000 友情≥ .5♥ & 友情≤ 1♥ 7个进化器,究极体进化路线
怨毒吸血魔兽,贝利亚吸血魔兽,等级≥ 90 击杀数≥ 8000 黑暗经验≥ 68000 2个加速器,究极体进化路线
咲耶兽,咲耶兽：巫女模式,等级≥ 85 击杀数≥ 10000 神圣经验≥ 92000 5个加速器,究极体进化路线
女恶魔兽,葛叶兽,等级≥ 85 神圣经验≥ 32500 友情≥ 1.5♥ & 友情≤ 3.5♥ 5个进化器,究极体进化路线
葛叶兽,葛叶兽：巫女模式,等级≥ 85 击杀数≥ 10000 神圣经验≥ 92000 5个加速器,究极体进化路线
恶霸熊仔兽,别西卜兽,等级≥ 77 黑暗经验≥ 33000 胜率≥ 80% 5个进化器,究极体进化路线
别西卜兽,别西卜兽：疾风形态,等级≥ 85 击杀数≥ 10000 6个加速器,究极体进化路线
祖利兽,究极古加兽,等级≥ 77 昆虫经验≥ 30000 胜率≥ 85% 6个进化器,究极体进化路线
百万海龙兽,利维亚兽,等级≥ 80 水生经验≥ 35000 黑暗经验≥ 42000 7个进化器,究极体进化路线
恶霸熊仔兽,木偶兽,等级≥ 80 植物经验≥ 35800 黑暗经验≥ 15800 4个进化器,究极体进化路线
女恶魔兽,密涅瓦兽,等级≥ 80 友情≥ 3.5♥ 胜率≥ 97% 5个进化器,究极体进化路线
密涅瓦兽,梅尔瓦兽,等级≥ 85 击杀数≥ 3000 神圣经验≥ 100000 5个加速器,究极体进化路线
祖顿兽,螺栓兽,等级≥ 85 黑暗经验≥ 35000 胜率≤ 30%6个进化器,究极体进化路线
蓝色火焰兽,幻影加奥加兽,等级≥ 82 野兽经验≥ 31550 胜率≥ 75% 5个进化器,究极体进化路线
幻影加奥加兽,幻影加奥加兽：爆裂形态,等级≥ 85 野兽经验≥ 55000 神圣经验≥ 37500 2个加速器,究极体进化路线
天女兽,炽天使兽,等级≥ 81 神圣经验≥ 27000 黑暗经验≤ 8000 4个进化器,究极体进化路线
天翔V龙兽,渡鸦兽,等级≥ 82 鸟类经验≥ 35000 黑暗经验≥ 12000 4个进化器,究极体进化路线
渡鸦兽,渡鸦兽：爆裂形态,等级≥ 85 鸟类经验≥ 55000 神圣经验≥ 37500 2个加速器,究极体进化路线
大古拉兽,领主骑士兽,等级≥ 79 神圣经验≥ 33500 机械经验≥ 25300 5个进化器,究极体进化路线
钢铁加鲁鲁兽,奥米加兽,& 战斗暴龙兽 合体进化：1个数码合体芯片 等级≥ 85 神圣经验≥ 90000,究极体进化路线
纳米兽,钢铁加鲁鲁兽（黑）,等级≥ 78 水生经验≥ 30000 机械经验≥ 22000 4个进化器,究极体进化路线
钢铁加鲁鲁兽（黑）,奥米加兽兹瓦特,& 黑战斗暴龙兽 合体进化：1个数码合体芯片 等级≥ 85 黑暗经验≥ 90000,究极体进化路线
兽人加鲁鲁,终弩加鲁鲁兽,等级≥ 78 野兽经验≥ 21550 机械经验≥ 45000 5个进化器,究极体进化路线
兽人加鲁鲁,偃月加鲁鲁兽,等级≥ 79 野兽经验≥ 39950 水生经验≥ 38600 5个进化器,究极体进化路线
偃月加鲁鲁兽,奥米加兽 Alter-S,& 电光暴龙兽 合体进化：1个数码合体芯片 等级≥ 85 神圣经验≥ 90000,究极体进化路线
兽人加鲁鲁,芳香兽,等级≥ 76 野兽经验≥ 32000 胜率≥ 90% 4个进化器,究极体进化路线
芳香兽,芳香兽：豹式形态,等级≥ 80 携带模式选择器,究极体进化路线
芳香兽：豹式形态,芳香兽,等级≥ 80 携带模式选择器,究极体进化路线
数码蛋兽,贝尔菲兽：沉睡形态,等级≥ 82 黑暗经验≥ 36000 野兽经验≥ 12500 4个进化器,究极体进化路线
贝尔菲兽：沉睡形态,贝尔菲兽：愤怒形态,等级≥ 85 击杀数≥ 9000 黑暗经验≥ 55000 3个加速器,究极体进化路线
神圣天使兽,智天使兽（善）,等级≥ 79 神圣经验≥ 28000 野兽经验≥ 28000 4个进化器,究极体进化路线
幻影兽,智天使兽（恶）,等级≥ 83 黑暗经验≥ 28000 野兽经验≥ 28000 4个进化器,究极体进化路线
女恶魔兽,迪亚波罗兽,等级≥ 85 击杀数≥ 10000 黑暗经验≥ 38000 7个进化器,究极体进化路线
迪亚波罗兽,灭世魔兽,等级≥ 95 击杀数 击杀数≥ 12000 5个加速器,究极体进化路线
狮子兽,剑狮兽,等级≥ 65 野兽经验≥ 38500 友情≥ 5♥ 4个进化器,究极体进化路线
剑狮兽,恐虎兽,等级≥ 90 击杀数 击杀数≥ 10000 5个加速器,究极体进化路线
迦楼罗兽,瓦尔德兽,等级≥ 85 鸟类经验≥ 25000 神圣经验≥ 40000 7个进化器,究极体进化路线
百万海龙兽,魔神兽,等级≥ 81 友情≤ .5♥ 黑暗经验≥ 66600 3个进化器,究极体进化路线
帝皇龙兽：龙形态,帝皇龙兽：战士形态,等级≥ 80 携带模式选择器,究极体进化路线
朱红兽,帝皇龙兽：龙形态（黑）,& 三角龙兽 合体进化：1个数码合体芯片 等级≥ 78 巨龙经验≥ 44000,究极体进化路线
天翔V龙兽,杰斯兽,等级≥ 78 神圣经验≥ 67000 胜率≥ 98% 7个进化器,究极体进化路线
骷髅暴龙兽,棘龙兽,等级≥ 78 巨龙经验≥ 53000 胜率≥ 75% 6个进化器,究极体进化路线
大古拉兽,恐龙王兽,等级≥ 83 胜率≥ 80% 巨龙经验≥ 50000 7个进化器,究极体进化路线
大锹形虫兽,虎蜂兽,等级≥ 78 昆虫经验≥ 31000 胜率≥ 98% 6个进化器,究极体进化路线
炮蜂兽,女王蜂兽,等级≥ 80 拥有过虎蜂兽 击杀数≥ 6000 8个进化器,究极体进化路线
花仙兽,番长百合兽,等级≥ 80 携带番长服 胜率≥ 99% 7个进化器,究极体进化路线
巨鲸兽,海天使兽,等级≥ 77 神圣经验≥ 50000 友情≥ 5♥ 5个进化器,究极体进化路线
鼻涕兽,白金鼻涕兽,等级≥ 55 神圣经验≥ 35000 Bits≥ 10000000 6个进化器,究极体进化路线
救世主哈克兽,玛尔斯兽,等级≥ 80 野兽经验≥ 50000 胜率≥ 60% 7个进化器,究极体进化路线
天女兽,维纳斯兽,等级≥ 80 神圣经验≥ 55000 友情≥ 5♥ 7个进化器,究极体进化路线
女恶魔兽,贝尔斯塔兽,等级≥ 75 黑暗经验≥ 36500 拥有过别西卜兽 6个进化器,究极体进化路线
飞车龙兽,斩伐兽,等级≥ 80 黑暗经验≥ 55000 胜率≥ 60% 5个进化器,究极体进化路线
骷髅暴龙兽,策士兽,等级≥ 85 击杀数≥ 8000 胜率≥ 99% 6个进化器,究极体进化路线
祖顿兽,维京兽,等级≥ 75 水生经验≥ 32500 防御训练值≥ 450 6个进化器,究极体进化路线
巨鲸兽,蛇颈龙兽,等级≥ 83 水生经验≥ 32000 友情≥ 5♥ 7个进化器,究极体进化路线
电子龙兽,风神兽,等级≥ 78 击杀数≥ 4000 机械经验≥ 45000 5个进化器,究极体进化路线
风神兽,雷电兽,& 水神兽+雷神兽 合体进化：1个数码合体芯片 击杀数≥11000 机械经验≥ 70000 等级≥95,究极体进化路线
百万海龙兽,水神兽,等级≥ 82 水生经验≥ 50000 机械经验≥ 39850 6个进化器,究极体进化路线
水神兽,雷电兽,& 风神兽+雷神兽 合体进化：1个数码合体芯片 击杀数≥11000 机械经验≥ 70000 等级≥95,究极体进化路线
纳米兽,雷神兽,等级≥ 80 机械经验≥ 35980 胜率≥ 80% 4个进化器,究极体进化路线
雷神兽,雷电兽,& 风神兽+水神兽 合体进化：1个数码合体芯片 击杀数≥11000 机械经验≥ 70000 等级≥95,究极体进化路线
机械暴龙兽（病毒）,铠皇兽,等级≥ 80 击杀数≥ 3000 胜率≥ 95% 5个进化器,究极体进化路线
铠皇兽,铠皇兽：严刀之型,等级≥ 90 携带天燐严刀流 4个加速器,究极体进化路线
恶霸熊仔兽,阿努比兽,等级≥ 78 解锁：黑暗区域 神圣经验≥ 38000 7个进化器,究极体进化路线
骷髅暴龙兽,泰坦兽,等级≥ 85 黑暗经验≥ 50000 击杀数≥ 9000 8个进化器,究极体进化路线
数码蛋兽,普路托兽,等级≥ 80 黑暗经验≥ 55000 友情≤ .5♥ 7个进化器,究极体进化路线
天女兽,莫斯提兽,& 女恶魔兽 合体进化：1个数码合体芯片 等级≥ 85 神圣经验≥82000 黑暗经验≥ 82000,究极体进化路线
花仙兽,花开领主兽,等级≥ 78 植物经验≥ 35500 神圣经验≥ 45000 8个进化器,究极体进化路线
幻影兽,高贵南瓜兽,等级≥ 80 成就≥ 120 拥有过南瓜兽 7个进化器,究极体进化路线
骷髅撒旦兽,狱门兽,等级≥ 76 成就≥ 110 黑暗经验≥ 39000 8个进化器,究极体进化路线
天翔V龙兽,杜纳斯兽,等级≥ 77 成就数≥ 100 巨龙经验≥ 15900 7个进化器,究极体进化路线
华丽兽,海德拉兽,等级≥ 85 击杀数≥ 7000 植物经验≥ 65000 8个进化器,究极体进化路线
地狱使者兽,异次元兽,等级≥ 90 完成挑战模式：异次元 黑暗经验≥ 65000 10个进化器,究极体进化路线
神圣天使兽,主天使兽,等级≥ 75 击杀数≥ 4000 神圣经验≥ 59000 7个进化器,究极体进化路线
巨硬针毛兽,螺旋兽：激昂形态,等级≥ 76 野兽经验≥ 95000 拥有过螺旋兽 9个进化器,究极体进化路线
祖利兽,祖利兽（圣诞树）,等级≥ 85 携带圣诞拐杖糖 植物经验≥ 65000 8个进化器,究极体进化路线
闪光暴龙兽,闪光暴龙兽：毁灭形态,等级≥ 85 巨龙经验≥ 55000 黑暗经验≥ 37500 2个加速器,超究极进化路线
奥米加兽,帝皇龙兽：圣骑士形态,& 帝皇龙兽：战士形态 合体进化：1个数码合体芯片 等级≥ 95 神圣经验≥ 150000,超究极进化路线
奥米加兽兹瓦特,奥米加兽兹瓦特战损,等级≥ 90 击杀数≥ 10000 6个加速器,超究极进化路线
帝皇龙兽：战士形态,帝皇龙兽：龙形态,等级≥ 80 携带模式选择器,超究极进化路线
天女兽,座天使兽：堕落形态,等级≥ 90 黑暗经验≥ 66666 拥有过座天使兽 7个加速器,超究极进化路线
座天使兽：堕落形态,座天使兽,等级≥ 85 携带模式选择器,超究极进化路线
梅尔瓦兽,恶鬼梅尔瓦兽,& 奥加兽 合体进化：1个数码组合芯片 等级≥ 95 友情≥ 5♥ 黑暗经验≥ 120000,超究极进化路线
柯罗诺兽：神圣形态,柯罗诺兽：毁灭形态,等级≥ 95 携带模式选择器 黑暗经验≥ 95000 2个加速器,超究极进化路线
武天兽,柯罗诺兽：毁灭形态,等级≥ 90 完成挑战模式：时间大师 黑暗经验≥ 150000 10个加速器,超究极进化路线
柯罗诺兽：毁灭形态,柯罗诺兽：神圣形态,等级≥ 95 携带模式选择器 鸟类经验≥ 95000 2个加速器,超究极进化路线
V仔兽,烈焰龙兽,等级≥ 15 携带磨损的勇气数码精神,装甲体进化路线
烈焰龙兽,天翔V龙兽,等级≥ 45 巨龙经验≥ 5600 胜率≥ 99%,装甲体进化路线
麻鹰兽,异特龙兽,等级≥ 15 携带磨损的勇气数码精神,装甲体进化路线
异特龙兽,天翔V龙兽,等级≥ 45 巨龙经验≥ 5600 胜率≥ 99%,装甲体进化路线
V仔兽,闪电龙兽,等级≥ 15 携带磨损的友谊数码精神,装甲体进化路线
闪电龙兽,兽人加鲁鲁（黑）,等级≥ 45 野兽经验≥ 5200,装甲体进化路线
麻鹰兽,荷鲁斯兽,等级≥ 15 携带磨损的爱心数码精神,装甲体进化路线
荷鲁斯兽,迦楼罗兽,等级≥ 45 鸟类经验≥ 2980,装甲体进化路线
麻鹰兽,手里剑兽,等级≥ 15 携带磨损的纯真数码精神,装甲体进化路线
手里剑兽,超比多兽（红）,等级≥ 45 昆虫经验≥ 5100,装甲体进化路线
犰狳兽,挖掘兽,等级≥ 15 携带磨损的知识数码精神,装甲体进化路线
挖掘兽,花仙兽,等级≥ 45 植物经验≥ 3990 友情≥ 4.5♥,装甲体进化路线
犰狳兽,潜艇兽,等级≥ 15 携带磨损的诚实数码精神,装甲体进化路线
潜艇兽,恶海龙兽,等级≥ 45 水生经验≥ 1900 黑暗经验≥ 3890,装甲体进化路线
巴达兽,天马兽,等级≥ 15 携带磨损的希望数码精神,装甲体进化路线
天马兽,骏鹰兽,等级≥ 45 鸟类经验≥ 2500 野兽经验≥ 2500,装甲体进化路线
犰狳兽,绵羊兽,等级≥ 15 携带磨损的希望数码精神,装甲体进化路线
绵羊兽,安底罗兽（神将）,等级≥ 45 野兽经验≥ 6180 友情≥ 2♥ & 友情≤ 4♥,装甲体进化路线
小狗兽,纳芙蒂兽,等级≥ 15 携带磨损的光明数码精神,装甲体进化路线
纳芙蒂兽,天女兽,等级≥ 45 神圣经验≥ 5200 友情≥ 2.5♥,装甲体进化路线
麻鹰兽,大嘴鸟兽,等级≥ 15 携带磨损的温柔数码精神,装甲体进化路线
大嘴鸟兽,祭师兽,等级≥ 55 神圣经验≥ 4900,装甲体进化路线
虫虫兽,爱精灵兽,等级≥ 15 携带磨损的善良数码精神,装甲体进化路线
爱精灵兽,花仙兽,等级≥ 45 植物经验≥ 5120 友情≥ 4.5♥,装甲体进化路线
虫虫兽,爱精灵兽（绿）,等级≥ 25 携带磨损的善良数码精神 拥有过爱精灵兽,装甲体进化路线
爱精灵兽（绿）,究极古加兽,等级≥ 70 昆虫经验≥ 35000 胜率≥ 85% 8个进化器,装甲体进化路线
大耳兽,疾速兽（黄金）,等级≥ 75 携带磨损的命运数码精神 7个进化器,装甲体进化路线
V仔兽,黄金V龙兽,等级≥ 75 携带磨损的命运数码精神 7个进化器,装甲体进化路线
黄金V龙兽,大师V龙兽,& 红色V龙兽 合体进化：1个数码合体芯片 等级≥ 90 巨龙经验≥ 73000,装甲体进化路线
V仔兽,玛格纳兽,等级≥ 75 携带磨损的奇迹数码精神 7个进化器,装甲体进化路线
犰狳兽,大象兽,等级≥ 75 携带磨损的奇迹数码精神 8个进化器,装甲体进化路线
音速狮子兽,长蘑菇的音速狮子兽,& 8只钻头鼹鼠兽 合体进化：1个数码组合芯片 携带深渊松露 植物经验≥ 80000,无等级进化路线
疯狂狮子兽,疯狂狮子兽：大蛇形态,& 大蛇兽 合体进化：1个数码组合芯片 等级≥ 82 拥有过疯狂狮子兽：武装形态,无等级进化路线
疯狂狮子兽,疯狂狮子兽：最终形态,& 3只哈努兽 合体进化：1个数码组合芯片 等级≥ 85 拥有过疯狂狮子兽：大蛇形态,无等级进化路线
巴达兽,巴达麻雀兽,& 麻雀兽 合体进化：1个数码组合芯片 等级≥ 20,无等级进化路线
高吼兽（王）,金属高吼兽,& 金属巨龙兽 合体进化：1个数码组合芯片 等级≥ 70 巨龙经验≥ 35000 机械经验≥ 20000,无等级进化路线
不行兽,巨型破坏不行兽,& 巨型破坏龙兽（紫） 合体进化：1个数码组合芯片 等级≥ 90 机械经验≥ 190000,无等级进化路线
奥加兽,恶鬼梅尔瓦兽,& 梅尔瓦兽 合体进化：1个数码组合芯片 等级≥ 95 友情≥ 5♥ 黑暗经验≥ 120000,无等级进化路线
麻鹰兽,巨龙兽,& 基尔兽 合体进化：1个数码合体芯片 等级≥ 12,合体进化路线
暴龙兽,暴龙兽（合体战争）,& 大师巨龙兽 合体进化：1个数码合体芯片 等级≥ 23,合体进化路线
雪人亚古兽,V仔兽EX,& 多路兽 合体进化：1个数码合体芯片 等级≥ 20,合体进化路线
巫师兽,幻影兽,& 黄蜂兽 合体进化：1个数码合体芯片 等级≥ 46,合体进化路线
裂破兽,大古拉兽,& 德尔塔兽 合体进化：1个数码合体芯片 等级≥ 45,合体进化路线
大地暴龙兽,朱红兽,& 战甲兽 合体进化：1个数码合体芯片 等级≥ 42,合体进化路线
巨龙兽,天翔V龙兽,& 飞龙兽 合体进化：1个数码合体芯片 等级≥ 50,合体进化路线
巴多拉兽,天翔V龙兽,& 刃王哈克兽 合体进化：1个数码合体芯片 等级≥ 45,合体进化路线
蛇鸡兽,百万龙兽,& 锹形虫兽 合体进化：1个数码合体芯片 等级≥ 45,合体进化路线
核龙兽（蓝）,地龙兽,& 海狮兽 合体进化：1个数码合体芯片 等级≥ 43,合体进化路线
守卫机器人兽,拉比兽,& 加奥加兽 合体进化：1个数码合体芯片 等级≥ 48,合体进化路线
海狮兽,奇虾兽,& 墨鱼兽 合体进化：1个数码合体芯片 等级≥ 38 水生经验≥ 6500,合体进化路线
风灾兽,猿猴兽,& 冰河兽 合体进化：1个数码合体芯片 等级≥ 40,合体进化路线
恶魔兽,光明兽：堕落形态,& 天使兽 合体进化：1个数码合体芯片 等级≥ 65,合体进化路线
迪路兽,人面战鹰兽,& 天鹰兽 合体进化：1个数码合体芯片 等级≥ 50,合体进化路线
蜻蜓兽,腕龙兽,& 沙地蜻蜓兽 合体进化：1个数码合体芯片 等级≥ 45,合体进化路线
猿猴兽,暗龙兽,& 百万龙兽 合体进化：1个数码合体芯片 等级≥ 80 黑暗经验≥ 29500,合体进化路线
大古拉兽,圣加鲁哥兽,& 数码蛋兽 合体进化：1个数码合体芯片 等级≥ 80 机械经验≥ 45000,合体进化路线
三角龙兽,剑狮兽,& 豆豆兽 合体进化：1个数码合体芯片 等级≥ 80 野兽经验≥ 45000,合体进化路线
天女兽,瓦尔基里兽,& 华丽兽 合体进化：1个数码合体芯片 等级≥ 77 胜率≥ 99%,合体进化路线
超级明星兽,海天使兽,& 熊仔兽 合体进化：1个数码合体芯片 等级≥ 82 水生经验≥ 39000,合体进化路线
巨龙数码蛋,黑球兽,属性数码蛋孵化,数码蛋进化路线
巨龙数码蛋,小龙兽,属性数码蛋孵化,数码蛋进化路线
巨龙数码蛋,芝高兽,属性数码蛋孵化,数码蛋进化路线
巨龙数码蛋,沙砾兽,属性数码蛋孵化,数码蛋进化路线
海兽数码蛋,漂游兽,属性数码蛋孵化,数码蛋进化路线
海兽数码蛋,比兹兽,属性数码蛋孵化,数码蛋进化路线
野兽数码蛋,普尼兽,属性数码蛋孵化,数码蛋进化路线
野兽数码蛋,粒粒兽,属性数码蛋孵化,数码蛋进化路线
野兽数码蛋,果冻兽,属性数码蛋孵化,数码蛋进化路线
野兽数码蛋,多多兽,属性数码蛋孵化,数码蛋进化路线
野兽数码蛋,狐狐兽,属性数码蛋孵化,数码蛋进化路线
昆虫数码蛋,绿叶兽,属性数码蛋孵化,数码蛋进化路线
昆虫数码蛋,泡泡兽,属性数码蛋孵化,数码蛋进化路线
鸟类数码蛋,普路路兽,属性数码蛋孵化,数码蛋进化路线
鸟类数码蛋,普瓦兽,属性数码蛋孵化,数码蛋进化路线
机械数码蛋,电鼠兽,属性数码蛋孵化,数码蛋进化路线
黑暗数码蛋,水母兽,属性数码蛋孵化,数码蛋进化路线
神圣数码蛋,小天使兽,属性数码蛋孵化,数码蛋进化路线
植物数码蛋,纽奇兽,属性数码蛋孵化,数码蛋进化路线
植物数码蛋,浮球兽,属性数码蛋孵化,数码蛋进化路线
海兽数码蛋,雪球兽,属性数码蛋孵化,数码蛋进化路线
机械数码蛋,狡诈兽,属性数码蛋孵化,数码蛋进化路线
机械数码蛋,烟云兽,属性数码蛋孵化,数码蛋进化路线
黑暗数码蛋,可可兽,属性数码蛋孵化,数码蛋进化路线
强化黑暗数码蛋,巧克力兽,地下城孵化器概率获得,数码蛋进化路线
